true_label,predicted_label,predicted_prob
0.0,0,0.4471675
0.0,0,0.3467008
1.0,0,0.46391734
1.0,0,0.3340065
0.0,1,0.50748473
1.0,0,0.34188217
0.0,0,0.43565774
1.0,1,0.710976
0.0,0,0.34884456
1.0,0,0.47081697
1.0,1,0.51513934
0.0,0,0.3862286
0.0,0,0.4524092
0.0,0,0.33500242
0.0,0,0.47610343
1.0,0,0.4861543
0.0,0,0.3602894
1.0,1,0.7318805
0.0,1,0.5791718
0.0,0,0.35622162
0.0,1,0.63695806
0.0,0,0.3420783
1.0,1,0.7739535
0.0,1,0.5925173
1.0,1,0.5807795
1.0,1,0.7290657
1.0,0,0.43217462
0.0,0,0.37822577
0.0,0,0.400156
0.0,0,0.3704172
1.0,1,0.5121056
1.0,1,0.7067187
1.0,1,0.7035396
1.0,1,0.6244404
1.0,0,0.5016307
1.0,1,0.7152511
1.0,1,0.63865864
0.0,1,0.5205647
1.0,0,0.38123095
0.0,0,0.4825187
0.0,0,0.37711373
1.0,1,0.7551425
1.0,1,0.6834516
0.0,0,0.41722262
1.0,1,0.57173765
1.0,0,0.39172202
1.0,1,0.6978433
1.0,1,0.64473623
0.0,0,0.40508598
0.0,0,0.36517605
1.0,1,0.72502977
1.0,1,0.6883244
0.0,0,0.38673183
0.0,0,0.48114118
0.0,0,0.40635547
1.0,0,0.3934941
0.0,0,0.3429321
1.0,1,0.75729597
0.0,0,0.44988587
0.0,1,0.57541394
1.0,0,0.38872322
1.0,1,0.65565294
0.0,0,0.37689283
0.0,0,0.44584227
0.0,0,0.4775955
1.0,1,0.74437094
0.0,0,0.3346949
1.0,0,0.49903792
1.0,1,0.63497597
1.0,1,0.7327219
1.0,0,0.38033274
0.0,0,0.3586086
1.0,0,0.37355292
1.0,1,0.684946
0.0,0,0.46611816
1.0,1,0.6249424
0.0,1,0.52719504
0.0,0,0.35247946
0.0,0,0.4939772
1.0,1,0.51461023
1.0,1,0.6669902
1.0,1,0.74862015
1.0,1,0.6293005
0.0,0,0.47508144
1.0,1,0.6223058
0.0,0,0.34906283
1.0,1,0.74780524
0.0,1,0.5265282
0.0,0,0.40485415
1.0,0,0.35140306
0.0,1,0.5745613
1.0,0,0.38918537
0.0,0,0.40981796
1.0,0,0.45959496
1.0,1,0.602999
0.0,0,0.4375155
0.0,1,0.5772787
0.0,0,0.345705
1.0,1,0.5741697
1.0,0,0.37046403
1.0,1,0.6457642
1.0,1,0.55228883
0.0,0,0.3319251
1.0,1,0.73279965
0.0,0,0.34189638
1.0,1,0.5852815
0.0,0,0.39375597
1.0,0,0.3529427
1.0,0,0.48419607
0.0,0,0.3929725
1.0,0,0.38207266
0.0,1,0.5278138
1.0,1,0.7250713
1.0,1,0.6649513
0.0,0,0.42650753
0.0,0,0.37099594
1.0,0,0.4450659
1.0,1,0.52594054
1.0,0,0.4681159
1.0,1,0.51829106
1.0,1,0.7393617
1.0,1,0.67287415
0.0,1,0.71730024
1.0,0,0.38325706
1.0,1,0.7515054
1.0,0,0.42826417
0.0,0,0.44320145
0.0,0,0.41027546
0.0,0,0.39010933
1.0,0,0.4763087
1.0,1,0.5795716
1.0,0,0.4411114
0.0,0,0.37529063
1.0,0,0.5014978
1.0,1,0.72516423
1.0,1,0.55437934
1.0,1,0.66770434
0.0,0,0.36127445
1.0,1,0.6529399
1.0,1,0.5580128
0.0,0,0.36970457
0.0,1,0.51554286
0.0,1,0.6194799
1.0,1,0.6779295
1.0,0,0.35165608
1.0,1,0.65078884
0.0,1,0.6438629
1.0,1,0.6747559
1.0,1,0.5084827
0.0,0,0.38907537
0.0,0,0.48212674
1.0,1,0.57485944
0.0,0,0.45170656
1.0,1,0.76205647
0.0,0,0.3600026
1.0,0,0.41002765
1.0,1,0.5849789
0.0,0,0.37995923
1.0,0,0.34521478
1.0,1,0.6714844
1.0,0,0.4662976
1.0,1,0.58862156
0.0,1,0.562901
0.0,1,0.63246155
0.0,0,0.35191202
0.0,0,0.49494773
1.0,0,0.3507816
0.0,0,0.38874868
0.0,0,0.40004903
1.0,1,0.7492278
0.0,0,0.39750248
0.0,0,0.45915473
1.0,0,0.40498817
0.0,0,0.4740385
0.0,0,0.39611664
0.0,0,0.42300642
0.0,0,0.36920804
0.0,1,0.5372503
0.0,0,0.400765
0.0,0,0.39864528
0.0,1,0.7392235
1.0,1,0.66485834
1.0,1,0.749322
0.0,0,0.48734257
0.0,0,0.38057375
1.0,1,0.58421487
0.0,1,0.72649336
0.0,0,0.39571276
0.0,1,0.57060444
1.0,1,0.70886165
1.0,0,0.40630472
1.0,1,0.5350907
0.0,0,0.36386582
0.0,0,0.36094293
0.0,0,0.43898585
1.0,0,0.4708436
1.0,1,0.77080995
1.0,1,0.5939182
0.0,0,0.35061392
0.0,0,0.36386696
0.0,0,0.37683335
0.0,1,0.5114501
1.0,0,0.36104
1.0,1,0.5934305
0.0,0,0.46455598
0.0,0,0.4535942
0.0,1,0.51017106
1.0,1,0.6467879
0.0,0,0.3717406
0.0,0,0.32871005
1.0,0,0.4114197
1.0,1,0.6547398
1.0,1,0.7586025
1.0,1,0.65474474
0.0,0,0.4845852
1.0,1,0.5296343
0.0,0,0.46013686
0.0,0,0.35941887
0.0,0,0.3998193
0.0,0,0.37892136
0.0,0,0.36710602
0.0,0,0.4835376
1.0,1,0.6092452
0.0,0,0.46304676
0.0,0,0.44978383
1.0,1,0.5815976
0.0,0,0.3773245
1.0,0,0.40456283
0.0,0,0.3759876
1.0,0,0.48931825
0.0,0,0.41956922
1.0,1,0.56150657
0.0,0,0.33797535
0.0,1,0.54312974
1.0,1,0.503699
0.0,0,0.37001476
0.0,0,0.3949875
0.0,0,0.37066746
1.0,1,0.6298981
1.0,0,0.3883786
1.0,0,0.44216797
1.0,1,0.6761715
1.0,1,0.64481634
0.0,1,0.6178036
1.0,1,0.51215786
0.0,0,0.45797974
1.0,0,0.38666624
1.0,1,0.6543883
1.0,0,0.40842792
0.0,0,0.3720596
0.0,1,0.5131571
1.0,0,0.49016377
1.0,1,0.57624346
0.0,0,0.38387448
0.0,0,0.38400397
1.0,0,0.44305536
0.0,0,0.47911817
0.0,0,0.3521663
0.0,0,0.35026008
1.0,1,0.6423713
1.0,1,0.74007547
0.0,1,0.5181706
1.0,0,0.43289495
1.0,1,0.72655284
1.0,0,0.42178303
1.0,0,0.36297488
1.0,0,0.41935927
0.0,0,0.4306664
1.0,1,0.7266524
1.0,1,0.60442793
1.0,1,0.5538045
0.0,0,0.49376935
0.0,0,0.4041803
1.0,0,0.49095532
0.0,0,0.3874095
1.0,1,0.764689
0.0,0,0.37293446
1.0,1,0.6805277
0.0,0,0.46240216
1.0,0,0.44821197
1.0,1,0.6170455
0.0,1,0.5709619
1.0,0,0.3610847
0.0,0,0.43117815
0.0,0,0.3819265
0.0,0,0.33562523
1.0,0,0.4053984
0.0,0,0.4518645
0.0,0,0.4582756
0.0,1,0.5790276
1.0,0,0.48988703
1.0,1,0.60362774
1.0,1,0.51803905
1.0,1,0.7308306
0.0,0,0.39549968
0.0,0,0.36503315
0.0,0,0.49023458
1.0,1,0.70595396
1.0,0,0.49107823
0.0,0,0.36240837
1.0,1,0.56512463
0.0,1,0.55060226
0.0,0,0.3541847
0.0,0,0.4057335
1.0,1,0.6921406
0.0,0,0.42159826
0.0,0,0.4304856
0.0,0,0.35970756
1.0,1,0.62214696
0.0,0,0.44847912
1.0,0,0.49582374
1.0,0,0.37544602
0.0,0,0.36115837
0.0,0,0.3848774
0.0,0,0.41137367
1.0,1,0.6644788
0.0,0,0.35407165
1.0,0,0.4865004
0.0,0,0.42376214
0.0,0,0.3750729
1.0,1,0.62600046
1.0,1,0.5887639
1.0,1,0.5824028
1.0,0,0.43115225
1.0,1,0.5113164
1.0,1,0.5974295
0.0,0,0.34563413
1.0,0,0.3559417
0.0,0,0.3863722
1.0,1,0.64010394
0.0,0,0.34253427
1.0,0,0.4771194
1.0,0,0.42922792
1.0,1,0.7466602
0.0,0,0.40568015
1.0,0,0.41316012
0.0,0,0.47272184
1.0,0,0.37188405
0.0,1,0.6804593
1.0,0,0.40591198
0.0,0,0.35016403
1.0,0,0.43244624
1.0,1,0.55636734
1.0,1,0.54706514
1.0,1,0.5867754
0.0,0,0.38058373
1.0,1,0.60786116
0.0,0,0.37310886
0.0,0,0.43877497
0.0,0,0.3916139
0.0,0,0.36872151
1.0,1,0.59076566
1.0,1,0.6012602
1.0,1,0.55144256
1.0,0,0.43386617
0.0,1,0.5970889
1.0,1,0.5215958
0.0,0,0.37349322
1.0,1,0.6518611
0.0,0,0.36702037
1.0,1,0.5278468
0.0,0,0.33820128
1.0,1,0.73801535
0.0,1,0.54013145
1.0,0,0.41581216
0.0,0,0.37582082
1.0,0,0.4188667
0.0,1,0.5523666
0.0,0,0.37807912
0.0,0,0.37227625
1.0,1,0.55399746
1.0,1,0.6751672
1.0,1,0.6646555
1.0,1,0.67053384
0.0,1,0.55703115
0.0,0,0.33742917
0.0,0,0.45143506
1.0,0,0.4739695
1.0,0,0.44185814
0.0,0,0.46900216
0.0,0,0.48098913
1.0,1,0.6338233
0.0,0,0.38464433
1.0,0,0.436702
0.0,0,0.4166293
0.0,0,0.39389327
0.0,0,0.33931372
1.0,1,0.56156653
0.0,0,0.47791353
1.0,0,0.4094059
1.0,1,0.5398721
1.0,1,0.64414644
0.0,0,0.354787
1.0,0,0.44037896
1.0,1,0.60300636
1.0,0,0.4797968
0.0,0,0.49966365
1.0,0,0.4068128
0.0,0,0.39286667
1.0,0,0.36638418
0.0,0,0.33844325
0.0,0,0.34389555
1.0,0,0.4199598
0.0,0,0.4249539
1.0,1,0.50459766
1.0,1,0.6976193
1.0,1,0.6339556
1.0,1,0.6812883
1.0,1,0.57886475
0.0,0,0.35848778
1.0,1,0.54841655
0.0,0,0.34723324
1.0,0,0.47052345
0.0,0,0.39198408
1.0,1,0.6521365
0.0,0,0.47224122
0.0,0,0.47286066
1.0,1,0.6474959
0.0,1,0.5206462
1.0,1,0.5681292
1.0,1,0.5683552
1.0,0,0.41987562
0.0,0,0.39156657
1.0,0,0.4885951
1.0,1,0.6537702
1.0,1,0.530948
0.0,0,0.44592637
0.0,0,0.43033043
1.0,0,0.34518695
1.0,0,0.4826015
0.0,0,0.4593634
0.0,0,0.50180984
0.0,0,0.42737895
0.0,0,0.34726346
1.0,1,0.62601006
1.0,1,0.54085857
1.0,1,0.6923
0.0,0,0.37004593
1.0,1,0.6859454
0.0,0,0.3552671
0.0,1,0.6781696
0.0,1,0.51622075
0.0,0,0.38000178
0.0,0,0.47363412
0.0,1,0.5302357
0.0,0,0.46762526
1.0,1,0.6016349
1.0,0,0.45465666
1.0,0,0.3511414
1.0,0,0.48512247
1.0,1,0.7373769
0.0,0,0.4089726
0.0,0,0.38261235
0.0,0,0.36887494
1.0,1,0.5097836
0.0,0,0.38306883
1.0,1,0.59549737
1.0,0,0.49990597
1.0,1,0.6945326
0.0,0,0.42183197
0.0,0,0.4311563
1.0,1,0.5241131
1.0,1,0.6607462
0.0,0,0.36965725
1.0,1,0.57410693
0.0,0,0.37443092
1.0,1,0.7044662
1.0,0,0.44988355
0.0,0,0.33097005
1.0,1,0.76286715
0.0,0,0.37730694
1.0,1,0.5534545
1.0,1,0.5155416
0.0,0,0.38007927
0.0,0,0.45992112
0.0,0,0.49070904
1.0,1,0.6243488
1.0,0,0.36756715
0.0,0,0.3313144
1.0,1,0.5359897
1.0,0,0.38479537
1.0,1,0.74801314
0.0,1,0.53701514
1.0,1,0.6574874
1.0,1,0.7463589
1.0,1,0.6201717
0.0,0,0.4527287
0.0,0,0.41581073
0.0,0,0.3972349
0.0,0,0.50142974
0.0,1,0.5479385
1.0,1,0.583068
0.0,0,0.4784778
0.0,0,0.4110315
1.0,1,0.5608693
1.0,0,0.48986048
0.0,0,0.4217534
1.0,1,0.7145416
1.0,0,0.35813764
1.0,1,0.58267826
0.0,0,0.33477807
0.0,0,0.4929962
1.0,0,0.4720623
1.0,1,0.5505696
0.0,1,0.54750496
1.0,1,0.54828924
0.0,1,0.53198195
0.0,0,0.47419897
0.0,1,0.50828624
1.0,1,0.69906867
0.0,0,0.43427658
1.0,1,0.6070385
0.0,0,0.46822235
1.0,1,0.5453335
1.0,1,0.6169118
1.0,1,0.55999434
1.0,0,0.38099644
1.0,1,0.59147066
1.0,0,0.4000344
0.0,0,0.35999927
0.0,0,0.44311863
1.0,1,0.503395
1.0,0,0.35728833
1.0,1,0.73857075
0.0,0,0.38788137
1.0,1,0.7539078
1.0,0,0.3926885
1.0,1,0.6699641
1.0,1,0.5986931
0.0,0,0.41633847
0.0,1,0.52301747
1.0,0,0.43220103
1.0,0,0.3899876
0.0,0,0.34009314
0.0,1,0.511153
0.0,1,0.5332185
0.0,0,0.39756045
1.0,0,0.368202
0.0,0,0.356683
1.0,0,0.38208857
0.0,1,0.50742716
1.0,0,0.44144592
0.0,0,0.39601132
1.0,0,0.42743525
1.0,0,0.482298
0.0,0,0.3818195
0.0,1,0.5799638
1.0,1,0.5521643
0.0,0,0.38719016
0.0,0,0.37489069
0.0,0,0.36841363
1.0,0,0.40671077
0.0,0,0.36338523
0.0,0,0.38341576
0.0,0,0.40359905
0.0,1,0.6092997
0.0,1,0.6498822
0.0,0,0.43097657
1.0,1,0.73019916
0.0,0,0.37170777
1.0,0,0.49575436
1.0,1,0.6512109
0.0,1,0.5362889
0.0,1,0.7242865
0.0,0,0.32304016
1.0,1,0.751455
1.0,0,0.41500965
0.0,1,0.6108473
1.0,1,0.58574426
1.0,1,0.5737357
0.0,0,0.38676107
0.0,1,0.59524363
0.0,1,0.6487096
0.0,0,0.3671414
0.0,0,0.39795062
1.0,1,0.7510062
1.0,1,0.583529
0.0,0,0.40611008
1.0,1,0.5850302
1.0,1,0.6563624
0.0,0,0.39195228
0.0,0,0.33022693
0.0,0,0.39816216
0.0,0,0.3843907
0.0,1,0.55003566
1.0,0,0.38747644
0.0,0,0.3425168
0.0,1,0.584352
1.0,1,0.6770732
1.0,0,0.49240467
1.0,1,0.6653249
1.0,1,0.7228543
1.0,1,0.56545824
1.0,0,0.46894026
1.0,1,0.5218584
1.0,1,0.65241194
0.0,1,0.55903554
0.0,0,0.35408053
0.0,1,0.648361
1.0,1,0.5674587
1.0,1,0.62293065
0.0,1,0.53271955
0.0,0,0.3314809
1.0,1,0.5626404
1.0,1,0.5944965
0.0,0,0.36836183
1.0,0,0.37541878
0.0,1,0.6064394
0.0,0,0.38643265
0.0,0,0.35593337
0.0,0,0.41968197
0.0,0,0.357333
1.0,1,0.69273823
1.0,1,0.57639664
0.0,1,0.5941738
0.0,0,0.371781
1.0,1,0.5102673
1.0,0,0.42950153
1.0,1,0.5189915
1.0,0,0.41559458
1.0,1,0.6701996
1.0,1,0.6496654
1.0,1,0.58877355
0.0,0,0.40565163
0.0,0,0.391676
1.0,0,0.45471185
1.0,1,0.6538719
1.0,1,0.57658595
1.0,0,0.38087004
1.0,0,0.47000617
1.0,1,0.6465182
0.0,1,0.5087846
1.0,1,0.58856195
0.0,0,0.46331534
0.0,1,0.6408964
1.0,1,0.6141516
1.0,1,0.64274365
0.0,0,0.35160676
1.0,1,0.51183546
0.0,0,0.36455062
1.0,1,0.650415
1.0,1,0.55089194
0.0,0,0.37857646
1.0,0,0.44593823
1.0,1,0.75692123
0.0,0,0.39899248
1.0,0,0.45358524
1.0,1,0.51298404
0.0,0,0.40432638
0.0,0,0.5008809
0.0,0,0.4868051
1.0,1,0.5825439
1.0,0,0.3875354
1.0,0,0.40299293
1.0,0,0.41581568
1.0,1,0.58449894
1.0,1,0.68264925
0.0,0,0.3470929
0.0,0,0.43359625
1.0,1,0.57263273
1.0,1,0.65925074
1.0,1,0.71601546
1.0,0,0.35315463
0.0,0,0.37941134
1.0,1,0.7489307
1.0,0,0.45930892
0.0,1,0.52379245
1.0,1,0.508533
0.0,0,0.349789
0.0,0,0.3387324
1.0,1,0.6515531
0.0,0,0.37816086
1.0,0,0.4165865
0.0,0,0.5025168
0.0,0,0.4936963
1.0,0,0.40151048
0.0,0,0.3770762
0.0,0,0.34327832
0.0,0,0.36056143
0.0,0,0.46668175
1.0,1,0.6524318
0.0,0,0.37786105
0.0,1,0.61015224
1.0,0,0.47863933
1.0,1,0.5571095
1.0,0,0.38264453
0.0,0,0.47783175
0.0,0,0.3842878
1.0,1,0.5213865
1.0,1,0.6186016
0.0,1,0.5214599
0.0,1,0.53612566
0.0,0,0.49471423
0.0,0,0.4134582
0.0,0,0.38899928
0.0,0,0.39790237
1.0,1,0.56640494
1.0,1,0.66990125
0.0,0,0.34292656
1.0,0,0.41884014
1.0,1,0.60330176
0.0,1,0.6300871
1.0,1,0.67361397
0.0,1,0.5791583
0.0,0,0.37991834
0.0,1,0.5138279
0.0,0,0.40336767
1.0,1,0.65417045
0.0,0,0.40217623
1.0,0,0.39116564
0.0,0,0.48791423
1.0,1,0.6128197
1.0,1,0.55448186
0.0,0,0.340209
1.0,0,0.44133225
1.0,0,0.47183397
1.0,1,0.68416893
1.0,0,0.4094337
0.0,1,0.5933847
1.0,1,0.71715134
1.0,0,0.4532625
0.0,0,0.42811286
1.0,1,0.67958677
1.0,1,0.7333064
1.0,1,0.6452093
0.0,0,0.49705774
0.0,0,0.3704041
1.0,1,0.51445615
0.0,0,0.4008761
0.0,1,0.5953016
1.0,1,0.6281971
1.0,1,0.74731755
1.0,1,0.58790267
1.0,1,0.6469893
1.0,1,0.7383024
0.0,0,0.47276592
0.0,0,0.36025578
1.0,1,0.7070654
1.0,0,0.48409548
1.0,1,0.5752029
1.0,0,0.39361072
0.0,0,0.36122945
1.0,1,0.6930034
1.0,1,0.68996173
1.0,1,0.6493711
0.0,0,0.44533935
1.0,1,0.5424586
0.0,0,0.3409832
0.0,1,0.66132265
0.0,0,0.39790264
0.0,0,0.33875042
1.0,0,0.46424285
0.0,0,0.45350328
0.0,0,0.4501604
1.0,1,0.63405466
1.0,1,0.5541112
1.0,1,0.6421537
1.0,1,0.5602543
0.0,0,0.39502773
1.0,1,0.6311808
0.0,1,0.584641
0.0,1,0.5321539
1.0,1,0.70395666
1.0,1,0.72924286
1.0,0,0.48546308
1.0,1,0.6624839
1.0,0,0.409109
0.0,1,0.5148449
1.0,0,0.40549868
0.0,0,0.3405066
1.0,1,0.65513986
1.0,0,0.4598312
0.0,0,0.46154347
0.0,0,0.4231726
1.0,1,0.6392955
1.0,1,0.683415
1.0,1,0.71711266
0.0,0,0.48378074
0.0,0,0.44835898
0.0,0,0.3926479
1.0,0,0.46167535
0.0,0,0.42239395
1.0,0,0.36090744
1.0,1,0.6630761
1.0,1,0.6512052
1.0,0,0.3827714
1.0,0,0.4112898
1.0,0,0.37523532
1.0,0,0.40965113
1.0,1,0.582901
1.0,1,0.6151603
1.0,1,0.64439356
0.0,0,0.38920683
1.0,0,0.49393415
1.0,1,0.56636775
0.0,0,0.38974416
0.0,1,0.57925767
0.0,0,0.46347684
1.0,0,0.37148976
1.0,1,0.6086734
0.0,0,0.36671817
0.0,0,0.3785084
0.0,0,0.3750557
0.0,0,0.38509127
1.0,1,0.5059102
1.0,0,0.3675715
1.0,0,0.3991094
0.0,0,0.44633508
0.0,0,0.3705956
1.0,0,0.40541396
1.0,0,0.39557782
0.0,1,0.6892312
1.0,1,0.6233015
1.0,1,0.65376204
0.0,0,0.3901791
0.0,0,0.42854956
1.0,1,0.6494498
1.0,0,0.45069116
0.0,1,0.5957713
1.0,1,0.6314765
0.0,0,0.36145502
0.0,1,0.531574
1.0,1,0.7738513
1.0,1,0.523411
1.0,0,0.38423362
1.0,1,0.532582
1.0,0,0.4054725
1.0,1,0.5578287
1.0,0,0.3945795
0.0,0,0.3385078
1.0,0,0.49245265
1.0,1,0.625595
1.0,1,0.6895533
1.0,1,0.5181864
1.0,0,0.4725575
0.0,0,0.34070474
0.0,0,0.33841696
0.0,0,0.44853824
0.0,0,0.39177945
0.0,0,0.40520856
1.0,1,0.52719474
0.0,0,0.41562593
0.0,0,0.4546089
1.0,1,0.61765087
1.0,1,0.514524
1.0,1,0.66281366
1.0,0,0.4725113
0.0,0,0.33881322
1.0,1,0.72100705
0.0,0,0.49371058
1.0,1,0.5037142
0.0,0,0.3858405
0.0,0,0.44548652
1.0,0,0.47484425
1.0,1,0.50520205
1.0,1,0.50849515
1.0,0,0.4515979
1.0,0,0.38326806
1.0,1,0.6848642
0.0,0,0.36276218
0.0,0,0.42526314
1.0,1,0.6189741
0.0,1,0.5432028
1.0,1,0.67201865
0.0,0,0.3662976
0.0,0,0.42108485
0.0,0,0.40166795
1.0,0,0.3954868
0.0,0,0.36331204
0.0,0,0.3565188
0.0,0,0.40587872
1.0,0,0.45158726
0.0,1,0.5154572
1.0,0,0.427084
0.0,0,0.40755436
1.0,0,0.41141605
1.0,0,0.3576903
0.0,0,0.37663683
0.0,0,0.41148704
1.0,1,0.6831557
1.0,0,0.4912288
1.0,1,0.5839025
0.0,0,0.44814906
0.0,0,0.4067876
0.0,0,0.4174147
0.0,0,0.43286166
0.0,0,0.38832304
0.0,1,0.50525945
1.0,0,0.47951937
1.0,1,0.7374507
0.0,0,0.4110286
0.0,0,0.36555466
1.0,0,0.44397748
0.0,1,0.5206849
0.0,0,0.46991107
1.0,1,0.71873236
1.0,1,0.58161473
0.0,0,0.34912992
1.0,0,0.49413526
1.0,1,0.66302353
1.0,0,0.4997404
1.0,1,0.7207734
0.0,0,0.37185732
0.0,0,0.4084364
1.0,0,0.47789013
1.0,1,0.72051156
0.0,0,0.37782323
1.0,1,0.5908933
0.0,0,0.36086142
1.0,1,0.51257825
1.0,1,0.6676482
0.0,0,0.41500142
1.0,1,0.564091
0.0,0,0.3941052
0.0,0,0.3376839
1.0,1,0.64630884
0.0,0,0.4500724
0.0,0,0.38083446
1.0,1,0.6962127
0.0,0,0.39515805
0.0,0,0.34236085
0.0,1,0.5081949
1.0,1,0.70877916
1.0,1,0.545857
1.0,1,0.74165493
0.0,0,0.47635135
0.0,0,0.35727078
0.0,0,0.35059294
0.0,1,0.57153046
1.0,0,0.4163241
0.0,0,0.34445128
1.0,0,0.39978206
1.0,1,0.6473822
1.0,1,0.69363296
1.0,1,0.70465845
1.0,1,0.7358372
0.0,1,0.5972669
1.0,1,0.57265073
1.0,1,0.75169885
0.0,1,0.5870643
0.0,0,0.35475656
1.0,1,0.7081128
1.0,1,0.66747594
0.0,0,0.34430858
1.0,0,0.41077697
1.0,0,0.3945224
0.0,0,0.3830936
0.0,0,0.4476733
0.0,1,0.5168686
0.0,0,0.50072473
0.0,0,0.44603112
0.0,0,0.48504192
1.0,1,0.6292244
1.0,1,0.75556254
1.0,1,0.69710827
0.0,0,0.33188018
1.0,1,0.6913926
0.0,0,0.43619722
1.0,1,0.58988714
1.0,1,0.667306
1.0,1,0.71986496
1.0,1,0.62985086
0.0,0,0.45428595
0.0,0,0.34914216
0.0,1,0.61855936
1.0,0,0.36320725
1.0,0,0.42019683
0.0,0,0.42273986
1.0,1,0.73336923
1.0,0,0.46674478
0.0,0,0.48653653
1.0,1,0.7521017
1.0,0,0.45280522
1.0,0,0.43254334
1.0,1,0.6214784
0.0,1,0.63016164
1.0,1,0.65538204
1.0,1,0.6828887
1.0,1,0.695476
1.0,1,0.76484025
1.0,1,0.62011456
1.0,1,0.61110014
1.0,0,0.4280725
0.0,0,0.39625823
0.0,1,0.580064
1.0,0,0.41968817
1.0,1,0.6134133
0.0,0,0.36166114
1.0,1,0.5346522
0.0,0,0.38732278
1.0,0,0.35649407
1.0,1,0.66508627
1.0,0,0.48453036
1.0,1,0.6200247
0.0,0,0.40203252
0.0,1,0.5890882
1.0,1,0.73021907
1.0,1,0.53441846
1.0,1,0.55314946
0.0,0,0.3863534
0.0,1,0.5851128
0.0,0,0.3833428
1.0,0,0.42275447
0.0,0,0.36809456
1.0,0,0.3944096
0.0,0,0.3885019
1.0,1,0.58120906
0.0,0,0.5018086
0.0,0,0.42826262
1.0,1,0.5238491
1.0,1,0.71528304
0.0,1,0.50425816
0.0,0,0.35742977
0.0,0,0.3203216
0.0,0,0.41590473
1.0,1,0.7703383
1.0,1,0.5406246
0.0,0,0.3536609
0.0,0,0.38762704
1.0,1,0.7603367
0.0,0,0.35349628
0.0,0,0.43566087
0.0,1,0.70955443
0.0,1,0.5599608
0.0,0,0.42716968
1.0,1,0.63139665
0.0,0,0.34651434
1.0,1,0.5133928
0.0,1,0.58462787
1.0,0,0.39227855
0.0,0,0.35246667
0.0,0,0.40259865
0.0,0,0.39315218
1.0,1,0.6957408
1.0,0,0.4668678
0.0,0,0.39724123
0.0,0,0.43252853
1.0,1,0.5766542
1.0,1,0.5412676
1.0,1,0.5742147
1.0,1,0.6119709
1.0,0,0.36795953
0.0,0,0.3677333
1.0,1,0.5084591
0.0,0,0.388132
0.0,0,0.34775826
1.0,1,0.5431679
0.0,0,0.35507104
0.0,0,0.37996256
1.0,1,0.53380316
0.0,0,0.46164843
1.0,1,0.6362845
0.0,0,0.41613403
0.0,0,0.42463267
1.0,0,0.50036097
1.0,0,0.41426003
0.0,0,0.4741444
0.0,0,0.35815042
0.0,0,0.43117288
0.0,0,0.33697808
1.0,0,0.44615775
1.0,0,0.5013885
1.0,1,0.60366654
1.0,1,0.5325943
0.0,0,0.33914158
0.0,0,0.34345528
0.0,0,0.37460816
0.0,0,0.3666075
1.0,1,0.6309657
1.0,1,0.68027586
0.0,1,0.5108849
1.0,1,0.57574236
0.0,0,0.4790774
1.0,1,0.71021277
0.0,1,0.612238
0.0,1,0.5116529
1.0,1,0.5247407
1.0,0,0.35088256
1.0,1,0.56829643
1.0,0,0.46287793
1.0,1,0.69162273
1.0,1,0.60428166
1.0,1,0.50390446
1.0,1,0.66700286
0.0,0,0.4534716
0.0,0,0.3303021
0.0,0,0.47340843
1.0,1,0.7723449
0.0,0,0.40698388
1.0,0,0.44968638
1.0,0,0.42396745
0.0,0,0.3756836
1.0,1,0.58737326
0.0,0,0.38449523
0.0,1,0.63571405
0.0,0,0.3723574
1.0,1,0.5607937
1.0,0,0.42601222
0.0,0,0.41692302
1.0,1,0.53825915
0.0,0,0.46724778
0.0,1,0.59467334
1.0,0,0.38842744
1.0,0,0.42448756
0.0,0,0.4622928
1.0,1,0.59384245
0.0,0,0.37940505
0.0,1,0.562218
1.0,1,0.62192476
0.0,0,0.45675793
1.0,0,0.47480962
1.0,1,0.65048677
0.0,0,0.40254965
0.0,0,0.4925535
1.0,0,0.5018484
1.0,1,0.7650996
1.0,0,0.36812
0.0,0,0.3609667
0.0,0,0.36777532
1.0,1,0.7084088
1.0,1,0.66030556
0.0,0,0.41054216
0.0,1,0.54973537
0.0,0,0.39713264
1.0,1,0.63952816
1.0,1,0.6317573
0.0,0,0.3529759
0.0,0,0.45698288
1.0,0,0.34325707
0.0,1,0.5380381
0.0,1,0.5060891
0.0,0,0.4070881
0.0,1,0.51030135
1.0,1,0.6432556
0.0,0,0.3729403
1.0,1,0.6232423
0.0,0,0.48978212
0.0,1,0.6894719
0.0,0,0.383288
0.0,1,0.6223202
1.0,1,0.65448624
0.0,0,0.3861802
0.0,1,0.69187236
0.0,0,0.38606322
1.0,1,0.5642909
1.0,1,0.6508761
1.0,1,0.67065465
0.0,0,0.44268453
0.0,0,0.44737488
1.0,1,0.73276585
1.0,0,0.40658295
0.0,0,0.36589205
0.0,0,0.46128187
0.0,0,0.36758092
1.0,1,0.76141554
0.0,0,0.36712438
0.0,0,0.37729156
1.0,0,0.48991987
1.0,1,0.5993703
0.0,0,0.344802
1.0,1,0.6784959
0.0,0,0.431689
0.0,0,0.47695923
0.0,0,0.37298498
1.0,1,0.7525396
1.0,1,0.68229353
1.0,1,0.65859854
1.0,1,0.5817641
1.0,1,0.7061745
0.0,0,0.44700155
1.0,1,0.527358
0.0,0,0.35367388
0.0,0,0.43468875
0.0,1,0.61816156
1.0,0,0.35892203
1.0,1,0.57553524
1.0,0,0.486438
1.0,1,0.6591322
1.0,1,0.72407144
1.0,0,0.40656403
0.0,0,0.4357776
1.0,1,0.5577441
0.0,0,0.40716264
1.0,0,0.4726397
0.0,0,0.3840238
1.0,1,0.71569055
0.0,0,0.4347022
1.0,1,0.5676572
1.0,0,0.44817883
1.0,0,0.3976749
1.0,0,0.37743643
1.0,0,0.4722789
1.0,0,0.3584736
1.0,0,0.4632478
1.0,1,0.5504796
0.0,0,0.3497314
0.0,1,0.6222117
0.0,0,0.36596972
1.0,1,0.69250566
0.0,0,0.35298222
0.0,1,0.587197
0.0,0,0.36042142
1.0,1,0.5386479
1.0,0,0.36819348
0.0,0,0.413037
1.0,1,0.5984922
1.0,0,0.4053233
0.0,1,0.5094236
1.0,1,0.641681
1.0,0,0.39171228
0.0,0,0.35995364
0.0,0,0.43987533
0.0,1,0.6418767
1.0,1,0.6608847
1.0,1,0.6895583
0.0,0,0.3618769
0.0,0,0.36023116
0.0,0,0.35709018
0.0,0,0.35578084
1.0,1,0.6526431
0.0,0,0.4215244
0.0,0,0.38702807
1.0,1,0.5307471
1.0,1,0.63490295
1.0,1,0.6554204
0.0,1,0.52109706
1.0,1,0.7076074
1.0,1,0.62073207
1.0,1,0.70104384
1.0,1,0.5840718
0.0,0,0.34244114
0.0,0,0.4297339
0.0,1,0.60577095
0.0,1,0.71584314
0.0,0,0.4291582
0.0,0,0.44366404
1.0,0,0.40241015
1.0,1,0.69376886
0.0,0,0.36376065
0.0,0,0.43892702
0.0,0,0.37812886
1.0,1,0.7407625
1.0,1,0.6131678
0.0,0,0.35298398
0.0,0,0.36078116
0.0,0,0.37359747
1.0,1,0.5305324
1.0,1,0.7359709
0.0,0,0.39580944
1.0,1,0.6648362
0.0,1,0.6813514
1.0,1,0.7025055
1.0,0,0.40944389
0.0,0,0.35743812
1.0,0,0.50090337
0.0,1,0.61914146
1.0,1,0.5857346
0.0,0,0.37984136
1.0,1,0.52997136
1.0,1,0.57460815
1.0,1,0.6769457
1.0,1,0.6767041
1.0,1,0.51300925
1.0,1,0.6269669
1.0,1,0.5496167
1.0,0,0.39456475
1.0,1,0.71604115
1.0,1,0.6161486
0.0,0,0.48848704
1.0,1,0.72770035
1.0,1,0.71058804
0.0,1,0.6786498
1.0,1,0.549502
1.0,0,0.4558697
1.0,1,0.53442717
0.0,0,0.41501313
1.0,0,0.40206814
0.0,0,0.4658217
0.0,0,0.37511778
1.0,0,0.48510644
1.0,0,0.40423772
0.0,0,0.43665788
1.0,1,0.59346163
0.0,0,0.4966418
1.0,1,0.66836786
0.0,0,0.3681315
1.0,1,0.70433754
1.0,1,0.71200114
1.0,1,0.6428944
1.0,1,0.6396449
1.0,1,0.67779225
1.0,1,0.52611786
0.0,0,0.3900398
1.0,1,0.5180055
0.0,0,0.43681476
1.0,0,0.46303275
0.0,0,0.34267214
0.0,0,0.34616646
1.0,1,0.66392666
1.0,1,0.6353327
1.0,1,0.7494879
1.0,1,0.7166956
1.0,1,0.54501814
0.0,0,0.5025193
1.0,1,0.6988842
1.0,1,0.5407947
1.0,1,0.51340866
0.0,1,0.6424561
0.0,0,0.34026343
0.0,0,0.39856926
0.0,0,0.4084795
0.0,0,0.37416077
0.0,0,0.36790702
0.0,0,0.3743779
0.0,0,0.38681972
1.0,0,0.36389977
1.0,1,0.5526815
0.0,1,0.53026205
0.0,0,0.34801042
0.0,0,0.48093674
0.0,0,0.3605985
0.0,0,0.44430357
0.0,0,0.35347578
1.0,1,0.6741104
0.0,0,0.3811123
1.0,0,0.49915874
1.0,1,0.53119445
0.0,0,0.45195892
1.0,1,0.5063561
1.0,1,0.7642338
1.0,1,0.594086
1.0,0,0.38611668
0.0,1,0.6392998
1.0,1,0.6092953
0.0,0,0.4891895
0.0,0,0.4153435
1.0,1,0.65322703
0.0,0,0.40426108
1.0,1,0.6565771
0.0,0,0.37390453
1.0,1,0.75934434
0.0,0,0.44601437
0.0,0,0.4153019
0.0,0,0.3897146
0.0,0,0.46411544
1.0,1,0.7328574
0.0,0,0.4762702
0.0,0,0.4628637
1.0,1,0.56514275
1.0,1,0.53804004
1.0,0,0.36385065
1.0,1,0.7615478
0.0,0,0.32768998
1.0,1,0.73308074
1.0,1,0.55203164
0.0,0,0.38276744
0.0,0,0.43044904
0.0,0,0.4855529
0.0,0,0.35143912
0.0,0,0.37685803
1.0,1,0.74427146
0.0,0,0.34461167
0.0,1,0.5104089
0.0,1,0.5092798
0.0,0,0.39257783
1.0,1,0.5305852
1.0,1,0.6044157
1.0,1,0.7508596
0.0,0,0.3544633
0.0,0,0.34022206
0.0,0,0.4757926
0.0,0,0.37475565
0.0,0,0.3723732
1.0,1,0.5301269
1.0,1,0.5114104
0.0,1,0.72922766
1.0,0,0.43779686
1.0,0,0.4498712
0.0,0,0.34813493
1.0,0,0.40870628
1.0,1,0.5771377
1.0,0,0.34232092
0.0,0,0.4822751
0.0,1,0.51036745
1.0,1,0.76412326
1.0,1,0.5905245
0.0,0,0.4739703
0.0,0,0.38961023
1.0,1,0.71156
0.0,0,0.405348
0.0,0,0.41817796
0.0,0,0.4752591
1.0,1,0.60657626
1.0,1,0.7178278
0.0,0,0.41900554
1.0,1,0.59839904
0.0,0,0.40277296
0.0,0,0.36077592
1.0,1,0.5745037
1.0,1,0.6938131
0.0,1,0.5189163
1.0,0,0.4666713
1.0,1,0.7372411
1.0,1,0.53306866
1.0,1,0.7383809
1.0,1,0.7675498
0.0,0,0.39508873
1.0,1,0.75080156
1.0,1,0.67759925
0.0,1,0.5949544
1.0,1,0.5305287
1.0,0,0.4429677
1.0,1,0.5385027
0.0,0,0.36113554
1.0,0,0.35611656
0.0,0,0.41667795
0.0,0,0.42838538
1.0,1,0.54971844
0.0,0,0.34086305
1.0,1,0.5717493
0.0,0,0.3857688
1.0,1,0.6440213
0.0,1,0.7133811
0.0,1,0.56016684
0.0,0,0.39798567
1.0,1,0.5791755
0.0,0,0.37901607
0.0,0,0.3589956
1.0,0,0.50034016
0.0,1,0.64631647
0.0,0,0.4471072
0.0,1,0.66785485
1.0,0,0.4455012
1.0,1,0.6777558
1.0,1,0.6935968
0.0,1,0.5260896
0.0,0,0.40107444
0.0,0,0.47059742
0.0,0,0.3844297
0.0,0,0.4001555
0.0,1,0.58469814
0.0,1,0.6511234
0.0,0,0.36890113
1.0,1,0.6215678
0.0,0,0.3602077
0.0,1,0.5869797
1.0,1,0.55989105
0.0,0,0.39281562
1.0,0,0.3917387
0.0,0,0.37467495
1.0,0,0.49410748
1.0,1,0.55705243
0.0,0,0.3823352
0.0,0,0.39494956
1.0,0,0.40297303
1.0,1,0.5883811
0.0,1,0.54787976
0.0,0,0.35934165
1.0,0,0.43498772
1.0,1,0.60601646
1.0,1,0.6906763
0.0,1,0.5590019
1.0,0,0.46882087
0.0,0,0.3588728
0.0,0,0.39131048
0.0,1,0.5648194
0.0,1,0.5645713
0.0,0,0.41424412
1.0,1,0.6196819
0.0,0,0.34712893
1.0,1,0.6515001
1.0,1,0.58148867
1.0,1,0.631606
0.0,0,0.4370004
1.0,1,0.54398024
0.0,1,0.6251669
1.0,0,0.45409864
1.0,1,0.6765248
0.0,0,0.49105793
1.0,0,0.41976026
0.0,0,0.40676507
1.0,1,0.66864127
1.0,1,0.6850599
1.0,0,0.42245227
1.0,0,0.36571288
1.0,1,0.6136495
0.0,0,0.3734435
1.0,1,0.6239061
1.0,1,0.7454686
0.0,1,0.51800865
0.0,0,0.35980096
0.0,0,0.46576524
1.0,1,0.6172482
0.0,0,0.45101973
0.0,1,0.5483948
0.0,1,0.6473596
1.0,1,0.61092865
1.0,1,0.6170909
1.0,1,0.65995055
0.0,0,0.35465825
1.0,1,0.7390831
0.0,0,0.44725695
0.0,0,0.49437124
1.0,1,0.6435941
0.0,0,0.4209226
1.0,0,0.38232356
1.0,1,0.6832999
1.0,0,0.46628043
0.0,1,0.5757952
0.0,0,0.4181281
0.0,0,0.4860495
1.0,0,0.47031352
1.0,1,0.724306
1.0,1,0.74037933
1.0,1,0.5667616
1.0,0,0.4420949
1.0,1,0.54998034
1.0,1,0.51779705
1.0,0,0.44535807
1.0,1,0.6479655
0.0,0,0.40806064
1.0,0,0.40118358
1.0,0,0.35779384
0.0,1,0.5290245
1.0,1,0.5934996
1.0,1,0.6402664
1.0,0,0.45334584
1.0,1,0.51000595
1.0,1,0.6483594
0.0,0,0.42142573
0.0,0,0.33196253
1.0,1,0.65296763
1.0,0,0.3770439
0.0,1,0.5094026
1.0,1,0.6328851
1.0,1,0.6963052
1.0,1,0.6297564
0.0,0,0.47926283
1.0,1,0.52054864
1.0,0,0.4191688
1.0,0,0.4712296
0.0,0,0.34888008
0.0,0,0.36283866
0.0,0,0.36838514
0.0,0,0.4077171
0.0,0,0.42261234
0.0,0,0.35923564
1.0,0,0.40902784
1.0,1,0.5926451
0.0,0,0.3238236
0.0,0,0.43484992
0.0,1,0.5572957
1.0,0,0.45823732
0.0,0,0.4278776
0.0,0,0.42161363
1.0,0,0.4141984
1.0,0,0.35471267
0.0,0,0.47415757
0.0,1,0.5162202
1.0,1,0.6388302
0.0,0,0.45892358
0.0,0,0.4204372
1.0,1,0.569658
1.0,1,0.7036717
0.0,0,0.3932429
1.0,1,0.6598124
0.0,0,0.36688474
0.0,0,0.45537087
1.0,0,0.4882398
0.0,0,0.37860516
1.0,0,0.49192593
1.0,0,0.46181163
0.0,1,0.531465
1.0,1,0.5429081
0.0,0,0.3594057
0.0,0,0.43514603
0.0,0,0.4526886
1.0,0,0.43635848
0.0,0,0.39336622
0.0,0,0.4511746
0.0,0,0.42670122
0.0,0,0.41387823
0.0,0,0.4262355
1.0,0,0.42033163
1.0,0,0.36230713
1.0,1,0.72304803
0.0,0,0.42313573
0.0,0,0.40477777
1.0,1,0.57605606
0.0,1,0.6893122
0.0,0,0.49141675
0.0,0,0.49827328
1.0,1,0.63131386
0.0,0,0.434907
0.0,0,0.4570132
1.0,1,0.6610785
0.0,0,0.39246693
1.0,1,0.6398882
0.0,0,0.45098758
0.0,0,0.3643166
0.0,0,0.3727833
1.0,0,0.47597522
0.0,0,0.37629345
1.0,0,0.4594638
0.0,0,0.37609613
1.0,0,0.3914954
0.0,0,0.4192744
1.0,0,0.37447894
1.0,0,0.35798064
0.0,1,0.54454803
0.0,0,0.38406023
1.0,0,0.39442348
0.0,1,0.5505288
1.0,0,0.4644171
0.0,0,0.37727037
0.0,0,0.39222014
0.0,1,0.55888647
0.0,1,0.7121501
0.0,0,0.33100352
1.0,0,0.39720276
0.0,0,0.39902353
1.0,1,0.6326181
0.0,1,0.6216395
0.0,1,0.51458377
1.0,0,0.40340328
0.0,0,0.46949747
1.0,0,0.36866936
0.0,0,0.46195477
0.0,0,0.4383994
1.0,0,0.43034413
1.0,0,0.39205185
0.0,0,0.43304244
0.0,0,0.35575628
0.0,0,0.38294187
1.0,1,0.60506725
0.0,0,0.4706384
0.0,0,0.4419195
0.0,0,0.42201218
0.0,0,0.47244337
1.0,1,0.64810234
0.0,0,0.46368855
0.0,0,0.33531588
1.0,1,0.5255224
1.0,1,0.5824071
1.0,1,0.52387756
0.0,0,0.42030826
1.0,1,0.6683368
0.0,1,0.59497774
1.0,0,0.38072678
0.0,1,0.6414749
0.0,0,0.38907197
1.0,0,0.39990884
0.0,0,0.38724396
1.0,1,0.7213155
0.0,1,0.53941536
1.0,1,0.665129
1.0,0,0.38156086
1.0,1,0.72187364
1.0,1,0.69252807
0.0,1,0.6300801
0.0,0,0.38945043
0.0,1,0.5103615
0.0,0,0.4633005
1.0,0,0.42856383
0.0,0,0.48511615
1.0,0,0.41841993
0.0,0,0.43288946
1.0,1,0.70043236
1.0,1,0.73514086
0.0,0,0.40739748
0.0,0,0.44768807
1.0,0,0.4497023
0.0,0,0.5015331
0.0,0,0.4294422
1.0,1,0.5191758
0.0,0,0.44986898
0.0,0,0.49428222
0.0,0,0.39746892
1.0,1,0.51371765
1.0,1,0.5183033
1.0,1,0.65282065
1.0,1,0.65596956
1.0,1,0.6033031
1.0,1,0.58982617
0.0,0,0.35855857
0.0,0,0.42763072
1.0,1,0.5621734
0.0,0,0.4253145
0.0,0,0.35884053
0.0,0,0.36578086
1.0,0,0.49538466
1.0,0,0.37569192
1.0,1,0.6037247
1.0,1,0.68798584
1.0,1,0.75513494
1.0,1,0.6253473
1.0,0,0.36814395
1.0,1,0.69823426
1.0,1,0.5852466
1.0,1,0.5561795
0.0,0,0.36065242
1.0,0,0.3888841
0.0,0,0.47152933
1.0,0,0.47398767
1.0,1,0.6724321
0.0,0,0.4446851
1.0,1,0.5407153
0.0,0,0.37065843
1.0,0,0.49527505
0.0,0,0.34948412
1.0,0,0.43338913
1.0,1,0.6180188
0.0,0,0.4313857
1.0,1,0.51740867
1.0,1,0.6219136
1.0,1,0.6732629
1.0,1,0.6181111
0.0,1,0.7046027
0.0,0,0.4956177
0.0,0,0.35272995
0.0,0,0.43688044
1.0,1,0.5328514
1.0,0,0.36981863
0.0,0,0.46812943
0.0,0,0.36278006
0.0,0,0.38147658
1.0,1,0.726586
0.0,0,0.37748384
1.0,1,0.5375576
1.0,1,0.5829377
1.0,1,0.77282256
0.0,0,0.38030115
1.0,0,0.45725545
1.0,1,0.6068038
1.0,1,0.50758713
1.0,0,0.36411306
0.0,0,0.46842963
1.0,1,0.5260458
0.0,0,0.4078285
1.0,1,0.7380514
1.0,0,0.45631915
0.0,1,0.6809025
1.0,1,0.6897089
1.0,1,0.74573785
0.0,0,0.47372037
0.0,0,0.3957677
0.0,0,0.3855234
0.0,0,0.38943285
0.0,0,0.39125416
0.0,1,0.63850915
0.0,0,0.4875189
0.0,0,0.38354924
0.0,0,0.36662212
1.0,0,0.4081536
1.0,1,0.63698137
0.0,1,0.634288
0.0,0,0.42600992
1.0,1,0.5044253
1.0,0,0.39693183
1.0,1,0.7168679
1.0,1,0.7009525
0.0,0,0.39431643
0.0,1,0.5502946
0.0,0,0.4685759
1.0,0,0.4387329
0.0,0,0.45084187
0.0,0,0.35872558
0.0,0,0.42585018
1.0,0,0.4342683
1.0,1,0.6603889
1.0,1,0.72274065
1.0,0,0.46729293
0.0,0,0.3600109
1.0,0,0.37878013
1.0,1,0.50570893
1.0,0,0.46342087
1.0,0,0.37117288
1.0,1,0.6621022
0.0,0,0.491904
0.0,0,0.42009696
0.0,0,0.34914678
0.0,0,0.38608223
1.0,1,0.5895049
0.0,0,0.3947276
1.0,0,0.44914398
1.0,0,0.44336164
1.0,1,0.63753986
0.0,0,0.42609382
0.0,0,0.44398555
1.0,1,0.7384277
1.0,0,0.44532043
0.0,0,0.49275315
1.0,0,0.39249593
1.0,1,0.7316406
1.0,1,0.5795164
0.0,0,0.34968972
0.0,0,0.4773708
1.0,1,0.62367547
1.0,1,0.5179899
1.0,1,0.7378029
1.0,1,0.7412224
0.0,0,0.339641
1.0,1,0.56967074
1.0,1,0.6131389
0.0,0,0.43232727
1.0,1,0.6842051
0.0,1,0.6175168
1.0,1,0.70708054
1.0,1,0.692024
0.0,0,0.43073514
0.0,0,0.43104836
1.0,0,0.4692363
0.0,0,0.40804988
1.0,0,0.49311906
1.0,1,0.5382006
0.0,0,0.38780677
1.0,1,0.5321636
0.0,0,0.39467525
0.0,0,0.37872207
1.0,1,0.65589666
0.0,1,0.5698139
0.0,0,0.4148562
1.0,0,0.4247091
0.0,0,0.3747763
0.0,0,0.43151334
0.0,0,0.37098047
0.0,0,0.33660704
1.0,0,0.33620033
1.0,1,0.69281286
1.0,0,0.4911463
0.0,1,0.552074
0.0,0,0.49466708
0.0,0,0.48092392
0.0,0,0.38381287
0.0,0,0.48170337
1.0,1,0.69576585
1.0,1,0.5359059
1.0,1,0.72196513
1.0,1,0.7712111
0.0,1,0.69155836
1.0,1,0.61775357
0.0,0,0.3505803
1.0,1,0.7371232
1.0,1,0.715507
0.0,0,0.38382092
1.0,1,0.663267
0.0,0,0.3681377
0.0,0,0.33486387
0.0,0,0.38255706
1.0,1,0.6560998
1.0,0,0.45873052
1.0,1,0.5479204
1.0,1,0.6832995
1.0,1,0.5995389
0.0,0,0.3702079
1.0,0,0.485499
0.0,0,0.40074536
0.0,0,0.4031145
0.0,0,0.3688696
1.0,1,0.6472326
0.0,0,0.4662254
0.0,1,0.5565556
0.0,0,0.40171015
0.0,0,0.40547523
1.0,0,0.4912843
0.0,1,0.6630223
1.0,1,0.70751166
0.0,0,0.37987775
0.0,0,0.40625733
1.0,1,0.6897994
1.0,0,0.4951692
1.0,1,0.6868736
0.0,0,0.35937563
0.0,0,0.4638939
0.0,0,0.49093762
1.0,1,0.6664665
0.0,0,0.5014409
0.0,0,0.3446216
0.0,0,0.36037615
1.0,0,0.48939124
1.0,1,0.6163382
0.0,0,0.41900104
0.0,0,0.4369409
0.0,0,0.46736062
1.0,0,0.35539907
0.0,1,0.5264519
1.0,1,0.60665303
0.0,0,0.38989803
0.0,0,0.36633492
0.0,0,0.49459553
1.0,1,0.632774
0.0,0,0.33163044
0.0,0,0.36487082
0.0,0,0.38217938
0.0,0,0.35338676
0.0,0,0.3745199
0.0,0,0.45498753
1.0,1,0.7457384
1.0,0,0.36475182
1.0,1,0.7564294
1.0,0,0.3897863
1.0,0,0.48628753
0.0,0,0.44511005
0.0,0,0.39952976
0.0,0,0.45541522
1.0,1,0.77698165
0.0,0,0.37312037
0.0,1,0.634126
0.0,0,0.35045788
1.0,0,0.37693253
0.0,0,0.43811944
1.0,1,0.7574514
1.0,1,0.68510365
1.0,1,0.6517654
0.0,1,0.59462166
1.0,0,0.44108555
0.0,1,0.5168885
1.0,1,0.5092829
1.0,1,0.5167003
1.0,1,0.67015225
0.0,0,0.49805316
0.0,1,0.55490035
1.0,1,0.60296065
0.0,0,0.35890594
1.0,1,0.5099825
0.0,0,0.4626401
1.0,1,0.6165668
0.0,0,0.3838284
1.0,0,0.5001258
0.0,0,0.3928486
0.0,0,0.37779272
1.0,1,0.532746
0.0,0,0.4391413
1.0,0,0.44162148
1.0,0,0.44832596
0.0,0,0.38536343
1.0,1,0.6254738
1.0,0,0.37158915
1.0,1,0.6392865
0.0,0,0.36030507
1.0,1,0.51601464
1.0,1,0.53247124
1.0,0,0.48495573
1.0,0,0.4346326
0.0,0,0.34651434
1.0,1,0.59863514
1.0,0,0.3864293
0.0,0,0.49662447
0.0,0,0.38851357
0.0,1,0.54113644
0.0,0,0.39046738
1.0,1,0.75708133
1.0,1,0.5373627
0.0,0,0.35163704
1.0,1,0.7011993
0.0,0,0.4370943
1.0,1,0.65792644
0.0,0,0.45057186
0.0,0,0.39369118
1.0,1,0.5555217
1.0,0,0.42288682
0.0,0,0.3999424
0.0,0,0.34447825
0.0,0,0.39644042
0.0,0,0.44072425
0.0,1,0.72002316
0.0,0,0.37156498
0.0,0,0.48474035
1.0,1,0.6339274
1.0,1,0.6232152
1.0,1,0.62013394
0.0,0,0.37521803
1.0,0,0.4024148
1.0,0,0.49866652
1.0,0,0.4424642
1.0,1,0.74552166
0.0,0,0.46693438
0.0,0,0.4711127
0.0,0,0.38965136
0.0,0,0.39094442
1.0,0,0.38636515
0.0,0,0.42143965
1.0,0,0.35708153
0.0,0,0.424477
1.0,0,0.47481984
1.0,1,0.63102216
1.0,1,0.7009525
1.0,1,0.6776047
1.0,1,0.6062462
0.0,0,0.4337561
0.0,0,0.5009315
1.0,0,0.46677834
0.0,0,0.39502817
1.0,1,0.7556666
1.0,0,0.38258472
0.0,0,0.45081216
0.0,0,0.40580708
1.0,1,0.75181305
0.0,0,0.38748825
1.0,0,0.41353878
0.0,0,0.44173628
1.0,0,0.41201454
0.0,0,0.44748402
0.0,0,0.36867863
1.0,0,0.34095386
0.0,0,0.37548006
1.0,1,0.58918196
1.0,1,0.7476193
0.0,0,0.35769185
0.0,0,0.34622046
0.0,1,0.6607514
1.0,1,0.5850148
1.0,1,0.5985893
0.0,0,0.387565
0.0,0,0.3890251
1.0,1,0.5190917
1.0,0,0.3872848
0.0,0,0.36141703
1.0,1,0.6830232
0.0,0,0.38096374
0.0,0,0.36602253
0.0,0,0.40965262
0.0,0,0.4279734
0.0,0,0.36211568
0.0,0,0.45037058
1.0,1,0.54513216
1.0,1,0.5778247
0.0,1,0.528768
1.0,1,0.5177884
1.0,1,0.5561088
0.0,0,0.45156115
1.0,1,0.6662307
0.0,0,0.34379146
0.0,1,0.5414457
0.0,0,0.41123646
0.0,1,0.5702929
0.0,1,0.5856925
0.0,0,0.43139932
0.0,1,0.62856776
0.0,0,0.4339414
1.0,1,0.69484127
1.0,1,0.6058705
0.0,0,0.34825143
0.0,1,0.58774203
0.0,0,0.39749846
0.0,0,0.36517695
0.0,0,0.4365636
0.0,0,0.34489167
1.0,1,0.597178
1.0,0,0.41234997
0.0,1,0.53735524
1.0,1,0.6939239
0.0,0,0.50026256
0.0,0,0.41893148
1.0,1,0.7021186
0.0,0,0.39841738
1.0,1,0.59963447
0.0,1,0.546968
0.0,0,0.36818543
0.0,0,0.4169568
0.0,1,0.6215559
1.0,1,0.6467604
0.0,0,0.3319019
1.0,1,0.6166382
1.0,1,0.7425674
0.0,0,0.3570869
1.0,1,0.60450846
0.0,0,0.35705972
0.0,0,0.38721833
1.0,1,0.6906725
1.0,0,0.45086288
1.0,0,0.43082592
1.0,0,0.44714195
1.0,1,0.6154436
1.0,1,0.6735456
1.0,0,0.44314814
1.0,1,0.74708766
1.0,0,0.47839475
1.0,1,0.72261244
1.0,1,0.71388507
0.0,1,0.50918347
1.0,1,0.59329796
0.0,0,0.44636837
0.0,0,0.38559547
1.0,1,0.6634321
1.0,1,0.56448966
0.0,0,0.35798976
1.0,1,0.5455607
0.0,0,0.33579943
1.0,1,0.7162748
1.0,1,0.7045595
0.0,0,0.40074402
0.0,1,0.73701525
0.0,0,0.37373573
1.0,1,0.5808445
0.0,1,0.645583
0.0,1,0.520228
1.0,1,0.5672302
0.0,0,0.33023942
0.0,0,0.4563676
0.0,0,0.42445266
1.0,1,0.70078397
0.0,0,0.42097083
0.0,1,0.5376204
0.0,0,0.43490514
1.0,0,0.38803554
0.0,1,0.7056467
1.0,1,0.60122085
1.0,1,0.67372453
1.0,1,0.7068191
1.0,1,0.65561455
0.0,0,0.41332966
0.0,0,0.36058635
0.0,0,0.35881227
1.0,1,0.6944057
0.0,0,0.36859784
1.0,1,0.63086355
0.0,1,0.5796642
0.0,0,0.3820784
1.0,1,0.5643598
0.0,0,0.3676731
1.0,1,0.6979188
0.0,1,0.5095829
1.0,1,0.55362964
1.0,1,0.5038513
1.0,1,0.51672745
0.0,1,0.55835474
1.0,1,0.57880366
1.0,1,0.5691554
0.0,0,0.34068844
0.0,0,0.4497292
1.0,0,0.35534486
0.0,1,0.5471185
1.0,1,0.58969325
1.0,0,0.3948478
0.0,0,0.37248215
1.0,0,0.36342016
0.0,0,0.38803044
0.0,0,0.38722977
1.0,0,0.48648643
0.0,0,0.3831897
0.0,0,0.5017699
0.0,1,0.6615152
0.0,0,0.40912753
1.0,0,0.476479
1.0,1,0.61965895
0.0,1,0.6321916
1.0,1,0.75127065
0.0,0,0.48388433
1.0,1,0.7706217
0.0,0,0.5004091
1.0,0,0.4633131
0.0,0,0.46640152
1.0,0,0.49956504
0.0,0,0.36344716
0.0,0,0.4822822
0.0,0,0.49425298
0.0,0,0.44405118
0.0,1,0.61289316
0.0,0,0.38809887
0.0,0,0.49475542
0.0,0,0.40107664
1.0,1,0.7456332
1.0,0,0.42678085
1.0,0,0.4819673
0.0,0,0.3568244
1.0,0,0.47593752
0.0,1,0.51180786
0.0,1,0.5371627
1.0,1,0.73426974
0.0,0,0.48159686
1.0,1,0.54241544
0.0,0,0.4085588
0.0,0,0.3941607
1.0,0,0.43162283
1.0,1,0.58782566
0.0,0,0.40192595
0.0,0,0.43568707
0.0,1,0.57571
0.0,1,0.50739014
1.0,1,0.7249116
1.0,1,0.52299756
1.0,1,0.5606705
0.0,0,0.36234704
0.0,0,0.36128926
1.0,1,0.7466702
1.0,1,0.706967
0.0,0,0.3998176
0.0,0,0.34446332
0.0,0,0.4810867
0.0,0,0.34282175
1.0,0,0.4869443
1.0,1,0.5102723
0.0,0,0.39943296
1.0,0,0.4015311
0.0,0,0.49061364
1.0,1,0.5277566
1.0,0,0.5011994
1.0,1,0.6291639
0.0,0,0.431644
0.0,0,0.39146325
0.0,0,0.41956407
0.0,0,0.49914116
1.0,1,0.7618902
1.0,1,0.65316516
1.0,1,0.53305686
1.0,1,0.66625845
0.0,0,0.41798308
0.0,0,0.4462878
0.0,1,0.5346377
1.0,1,0.542922
1.0,0,0.36973697
0.0,0,0.4620453
0.0,1,0.6657822
0.0,0,0.36472934
0.0,0,0.38463932
0.0,1,0.54686314
0.0,0,0.43993318
1.0,1,0.6900666
1.0,0,0.35409063
0.0,0,0.44688705
0.0,0,0.4352349
1.0,1,0.65316707
0.0,1,0.5037172
0.0,0,0.44032672
0.0,0,0.36032295
0.0,0,0.47690526
0.0,0,0.32690156
0.0,0,0.50234187
0.0,0,0.3932609
0.0,0,0.38047045
1.0,1,0.67600673
1.0,1,0.62758535
1.0,0,0.37618044
0.0,0,0.3859824
1.0,1,0.70562655
1.0,1,0.6214192
1.0,0,0.46029365
1.0,1,0.6562535
1.0,1,0.7378596
1.0,1,0.731775
0.0,0,0.42143568
0.0,0,0.33199173
1.0,1,0.71078026
0.0,1,0.61737347
0.0,0,0.44041836
0.0,0,0.3424356
1.0,0,0.35516948
0.0,1,0.51694894
1.0,1,0.56062526
1.0,1,0.6044503
0.0,0,0.3990113
0.0,0,0.35287273
0.0,0,0.40195924
1.0,1,0.70959574
0.0,0,0.36747235
0.0,0,0.4820293
0.0,0,0.35481948
0.0,0,0.3396089
1.0,1,0.5247525
1.0,0,0.3732527
0.0,0,0.38662368
1.0,1,0.6508616
0.0,0,0.3793328
0.0,0,0.37052214
0.0,0,0.5031809
1.0,1,0.6098596
0.0,0,0.34035861
0.0,0,0.39431462
1.0,0,0.39897776
0.0,0,0.33875862
1.0,0,0.38920173
0.0,0,0.41749865
1.0,1,0.69336325
1.0,1,0.56262124
1.0,1,0.6270226
1.0,1,0.58504957
1.0,1,0.65291595
0.0,0,0.37426794
0.0,0,0.3859624
1.0,0,0.36880028
1.0,1,0.75792557
0.0,1,0.5900307
0.0,0,0.3759581
1.0,1,0.68309224
0.0,0,0.38592
0.0,0,0.34731942
1.0,1,0.6903408
1.0,1,0.69549966
1.0,1,0.5662077
1.0,1,0.69277877
1.0,1,0.5059152
0.0,0,0.5012226
1.0,0,0.43160006
0.0,0,0.35937423
0.0,0,0.41840205
0.0,0,0.36618274
0.0,0,0.4710872
0.0,1,0.5570389
1.0,1,0.58701944
0.0,0,0.3604052
0.0,0,0.49622676
0.0,1,0.50848305
1.0,1,0.5034354
1.0,0,0.49923912
0.0,0,0.4803816
0.0,1,0.7645926
1.0,1,0.55685115
1.0,1,0.7096945
1.0,1,0.57602686
1.0,1,0.7427749
0.0,0,0.46720657
0.0,0,0.36787695
0.0,1,0.5353836
1.0,0,0.46914542
0.0,1,0.5601911
1.0,0,0.3643849
0.0,0,0.46414277
0.0,0,0.44932884
0.0,0,0.35498887
0.0,0,0.38181075
1.0,1,0.63563186
0.0,0,0.34648407
0.0,0,0.42967364
1.0,0,0.37115166
1.0,0,0.46782932
0.0,0,0.3609988
1.0,1,0.64243066
0.0,0,0.4011605
0.0,0,0.40871716
0.0,0,0.44935882
1.0,0,0.42589173
1.0,1,0.68416363
1.0,1,0.77318686
0.0,0,0.50134903
1.0,0,0.37702772
1.0,1,0.6499931
1.0,1,0.6083756
1.0,0,0.36799708
1.0,1,0.69489646
0.0,1,0.60112226
0.0,0,0.45922783
1.0,1,0.5922065
0.0,0,0.36475065
1.0,1,0.58235425
1.0,1,0.6855498
1.0,1,0.6031855
0.0,0,0.39435413
1.0,0,0.48379016
0.0,0,0.39559606
1.0,0,0.37847105
1.0,0,0.4630413
0.0,0,0.34587616
1.0,1,0.743445
1.0,1,0.5283545
0.0,0,0.39952686
1.0,1,0.54005075
0.0,1,0.5078156
0.0,0,0.3596116
0.0,1,0.5302141
1.0,1,0.6873353
1.0,0,0.43466812
1.0,0,0.40801495
0.0,0,0.3719034
0.0,1,0.6824993
0.0,0,0.41307288
0.0,1,0.5484506
1.0,1,0.54983956
0.0,0,0.45288375
0.0,0,0.39788747
1.0,1,0.5965875
0.0,0,0.34168452
0.0,0,0.41381502
1.0,1,0.7347305
1.0,1,0.6908
0.0,0,0.4368495
1.0,1,0.73182744
0.0,0,0.36079362
0.0,0,0.4581596
0.0,1,0.5619477
1.0,0,0.47150847
1.0,0,0.43556884
0.0,0,0.49719322
0.0,1,0.5452922
0.0,0,0.4148266
1.0,1,0.6830857
1.0,0,0.3805491
0.0,0,0.3626349
0.0,0,0.37448007
0.0,0,0.43683186
0.0,0,0.37297866
0.0,1,0.5149349
0.0,1,0.7370781
1.0,1,0.6699798
0.0,1,0.6580043
0.0,1,0.5266585
1.0,0,0.47783515
1.0,1,0.69410753
0.0,0,0.3691682
0.0,0,0.3643159
0.0,0,0.34426352
0.0,0,0.35720506
1.0,0,0.44769156
0.0,0,0.34342033
1.0,1,0.5317636
0.0,0,0.36452067
1.0,1,0.63617706
0.0,1,0.53952736
0.0,0,0.41129538
1.0,1,0.52245283
0.0,0,0.40969586
1.0,0,0.4279148
1.0,1,0.50876296
1.0,0,0.46622223
1.0,1,0.7476582
1.0,1,0.58337563
1.0,1,0.5513589
1.0,1,0.75926006
0.0,1,0.62957907
1.0,1,0.58451813
0.0,0,0.37380537
1.0,1,0.6776482
1.0,1,0.5166768
1.0,1,0.7500081
0.0,0,0.3714381
1.0,1,0.7405272
1.0,1,0.64008987
0.0,0,0.43819144
1.0,0,0.3535213
1.0,1,0.7493024
0.0,0,0.41809767
1.0,0,0.45877364
0.0,0,0.35048547
0.0,0,0.3924642
0.0,0,0.34292364
1.0,1,0.5473725
1.0,1,0.6803268
1.0,1,0.6770359
0.0,0,0.35899907
0.0,0,0.36994234
1.0,1,0.69956386
1.0,1,0.67676795
0.0,1,0.54617685
0.0,0,0.47287017
1.0,1,0.52294046
0.0,0,0.3705875
1.0,0,0.3638386
0.0,0,0.37852904
0.0,1,0.62154925
1.0,1,0.52104545
1.0,0,0.3784974
1.0,1,0.7706264
0.0,0,0.39957488
1.0,1,0.71917397
1.0,0,0.48488963
1.0,0,0.47868013
1.0,1,0.69913477
0.0,0,0.38436007
1.0,1,0.6300299
1.0,1,0.588427
0.0,0,0.3556189
1.0,1,0.5616662
0.0,0,0.43274808
1.0,1,0.7407823
0.0,0,0.44941905
1.0,1,0.5666006
0.0,0,0.41369668
0.0,0,0.39373615
0.0,0,0.34818316
0.0,0,0.38577884
0.0,0,0.4476457
1.0,1,0.6352959
0.0,1,0.5545749
1.0,0,0.42610604
1.0,0,0.48661464
0.0,0,0.3339519
1.0,0,0.45890686
1.0,1,0.7257995
1.0,0,0.35498688
1.0,1,0.5244152
0.0,1,0.7152585
0.0,0,0.3669529
1.0,0,0.3501475
1.0,0,0.4871613
0.0,0,0.3963124
0.0,0,0.35118803
0.0,0,0.38857606
0.0,0,0.40311757
0.0,0,0.3985274
0.0,0,0.3683599
0.0,0,0.3916694
1.0,0,0.39680055
1.0,0,0.45907485
0.0,1,0.69475853
1.0,1,0.5465612
1.0,0,0.3779183
0.0,0,0.43790188
0.0,0,0.34571016
1.0,1,0.5151167
1.0,1,0.6785921
1.0,1,0.6674653
1.0,1,0.57465106
1.0,0,0.3770131
1.0,1,0.6499593
1.0,0,0.49779427
0.0,0,0.4208189
1.0,1,0.61332977
0.0,0,0.3641514
0.0,0,0.36209843
1.0,0,0.3658277
1.0,1,0.6795549
0.0,0,0.3415945
1.0,1,0.68793213
1.0,1,0.56651205
1.0,1,0.6475561
1.0,1,0.70297253
1.0,0,0.40151623
1.0,0,0.37154356
1.0,1,0.7648477
0.0,0,0.39491758
0.0,0,0.3881375
0.0,0,0.427339
1.0,0,0.41947198
0.0,1,0.50781566
1.0,1,0.65910566
1.0,0,0.42951086
1.0,1,0.5690424
1.0,1,0.7649688
0.0,0,0.47580945
0.0,0,0.3538311
1.0,1,0.52780116
0.0,1,0.6954308
0.0,0,0.36018807
0.0,0,0.41638988
1.0,0,0.38056007
1.0,1,0.55981994
0.0,0,0.39145565
0.0,1,0.5511735
0.0,0,0.4708518
0.0,1,0.72477245
1.0,1,0.7362023
1.0,0,0.40814745
0.0,0,0.42220658
1.0,1,0.69573075
0.0,0,0.37922737
0.0,0,0.3375465
1.0,1,0.50671095
0.0,0,0.38374677
0.0,0,0.41632715
0.0,0,0.36672273
1.0,1,0.6779126
0.0,0,0.46673504
0.0,0,0.41576505
1.0,1,0.7147631
0.0,0,0.3377287
0.0,0,0.35425472
0.0,0,0.43821272
0.0,0,0.3857228
1.0,1,0.68548274
1.0,0,0.43439567
1.0,1,0.5293394
0.0,0,0.46975997
0.0,1,0.6072315
1.0,1,0.59815705
1.0,0,0.39988467
1.0,1,0.74885607
1.0,1,0.52078813
0.0,0,0.39566365
0.0,0,0.38996917
0.0,0,0.45919475
0.0,0,0.34754255
1.0,1,0.74257034
0.0,0,0.35484564
1.0,0,0.41113183
0.0,1,0.70273054
1.0,1,0.728035
1.0,1,0.6616836
0.0,0,0.35994446
1.0,0,0.44070417
0.0,0,0.34766492
0.0,0,0.42677307
0.0,1,0.54428244
0.0,0,0.49494016
1.0,0,0.3589461
1.0,1,0.6439218
0.0,0,0.33629945
1.0,1,0.6919397
0.0,0,0.47331178
0.0,0,0.40664104
0.0,0,0.377937
1.0,1,0.5372241
0.0,0,0.36821005
0.0,1,0.53153217
0.0,1,0.5468813
0.0,0,0.3849367
0.0,0,0.4920179
1.0,0,0.36546454
0.0,0,0.44063416
0.0,0,0.38746643
0.0,1,0.58286136
1.0,0,0.46469313
1.0,0,0.40299982
1.0,1,0.586693
0.0,0,0.4960422
0.0,0,0.3529956
0.0,0,0.44262847
1.0,1,0.712135
0.0,1,0.5625678
0.0,0,0.40115112
1.0,1,0.7457771
0.0,0,0.39005458
0.0,0,0.35380855
1.0,1,0.57983214
0.0,0,0.45504484
1.0,1,0.5292541
1.0,0,0.43379748
1.0,0,0.44207042
0.0,0,0.40289947
1.0,0,0.37548646
0.0,1,0.5278219
1.0,1,0.7245098
1.0,0,0.46338937
1.0,0,0.46993235
1.0,1,0.7381945
1.0,1,0.66927445
0.0,0,0.46009958
1.0,1,0.65269405
0.0,0,0.46916908
1.0,1,0.72424525
1.0,0,0.35797706
0.0,0,0.4199222
0.0,1,0.6724681
1.0,1,0.63381004
1.0,0,0.49171162
0.0,1,0.5313106
1.0,1,0.75767225
0.0,1,0.5077133
1.0,1,0.6934719
1.0,1,0.5663804
0.0,1,0.5900571
1.0,0,0.43818542
0.0,0,0.41753927
0.0,0,0.444163
1.0,1,0.50698084
1.0,0,0.4545262
1.0,1,0.77207196
1.0,0,0.350756
1.0,1,0.56191874
1.0,1,0.70890373
1.0,1,0.755127
0.0,1,0.5419681
1.0,1,0.6576985
0.0,0,0.34313783
1.0,1,0.72404426
0.0,0,0.35327703
1.0,0,0.3741165
0.0,0,0.39041382
0.0,1,0.718827
1.0,1,0.62133884
1.0,1,0.57905126
1.0,1,0.74206215
1.0,1,0.75056225
1.0,1,0.65276635
0.0,0,0.48183584
0.0,0,0.45574635
0.0,0,0.3409771
0.0,0,0.39676496
1.0,1,0.63697076
0.0,1,0.6804396
0.0,0,0.37625986
1.0,0,0.35185766
0.0,0,0.46879572
0.0,0,0.45249864
1.0,1,0.6240616
0.0,0,0.3557106
1.0,0,0.4213578
1.0,1,0.58991873
1.0,0,0.3602238
0.0,0,0.35590822
0.0,0,0.49890804
0.0,1,0.6709708
0.0,0,0.37264836
1.0,1,0.52180487
1.0,1,0.6714053
0.0,0,0.36700472
1.0,0,0.48797828
1.0,0,0.37042803
1.0,0,0.4890502
0.0,0,0.35496855
1.0,1,0.6934754
1.0,1,0.51873964
0.0,1,0.5675609
1.0,1,0.6128358
1.0,0,0.36800328
1.0,0,0.40683758
1.0,1,0.76227957
1.0,1,0.7156215
1.0,1,0.62723565
0.0,0,0.4495201
0.0,0,0.3573298
0.0,0,0.34362826
1.0,1,0.7548738
0.0,0,0.33760786
0.0,1,0.50533044
0.0,1,0.5410126
0.0,1,0.6502829
0.0,0,0.36505258
0.0,0,0.35198933
1.0,1,0.5963442
1.0,0,0.42455706
1.0,0,0.40511099
0.0,0,0.35769495
1.0,1,0.62006015
1.0,0,0.4681542
1.0,1,0.62628424
1.0,1,0.57257915
1.0,0,0.49775457
1.0,1,0.6532261
0.0,0,0.4057907
1.0,1,0.72182804
1.0,1,0.7245231
1.0,1,0.65792483
0.0,0,0.4053634
1.0,1,0.55803126
0.0,0,0.36343232
0.0,0,0.3430582
0.0,0,0.34314045
0.0,0,0.4221548
0.0,0,0.41342565
0.0,0,0.4519253
1.0,1,0.53383183
0.0,0,0.41258153
0.0,0,0.35472843
0.0,0,0.4339499
0.0,0,0.33805
0.0,0,0.37073785
1.0,1,0.63387835
0.0,0,0.39801383
1.0,1,0.65359867
0.0,0,0.36047888
0.0,0,0.43198562
1.0,1,0.62358314
1.0,1,0.6878264
0.0,0,0.43664277
1.0,1,0.64702153
0.0,0,0.39332914
1.0,1,0.5703309
0.0,1,0.6682609
0.0,0,0.40032458
0.0,0,0.36385936
0.0,1,0.6037138
1.0,1,0.67635906
0.0,0,0.3574419
0.0,0,0.4335981
1.0,0,0.37639663
1.0,0,0.44369557
1.0,1,0.60465664
1.0,1,0.6125969
1.0,1,0.6623502
0.0,1,0.51723415
0.0,0,0.37521935
0.0,0,0.48502532
0.0,0,0.3809945
0.0,0,0.3959767
0.0,0,0.3423489
0.0,1,0.5520558
1.0,1,0.6983707
1.0,1,0.5381419
1.0,0,0.46054158
0.0,0,0.4824365
1.0,0,0.35292885
0.0,1,0.5188131
0.0,0,0.4930252
1.0,1,0.7042621
1.0,1,0.5977628
1.0,1,0.6991021
1.0,1,0.64891243
1.0,1,0.6213328
0.0,0,0.47639358
1.0,1,0.54289025
0.0,0,0.36802995
1.0,1,0.7460331
0.0,0,0.35015818
0.0,1,0.5595502
1.0,1,0.7267088
0.0,0,0.48017982
0.0,0,0.4737676
1.0,0,0.46616805
0.0,0,0.44714922
1.0,1,0.7392614
1.0,1,0.7607158
0.0,0,0.41340825
1.0,1,0.50824434
0.0,0,0.3681394
1.0,1,0.6375602
0.0,0,0.38118595
1.0,1,0.5058588
0.0,0,0.40924358
1.0,0,0.3967147
0.0,0,0.3662794
1.0,1,0.72109675
1.0,0,0.36831427
1.0,1,0.6895369
1.0,1,0.59435534
1.0,0,0.46231613
1.0,0,0.400698
0.0,0,0.370816
0.0,0,0.47034577
0.0,1,0.68378854
0.0,1,0.52499425
0.0,0,0.31684124
0.0,1,0.53817916
1.0,0,0.45974034
0.0,1,0.6147289
1.0,1,0.51406366
1.0,0,0.42181984
0.0,0,0.38504156
0.0,0,0.3890881
0.0,0,0.4098738
1.0,1,0.68298084
1.0,1,0.6728965
0.0,0,0.39522308
0.0,0,0.46418744
0.0,0,0.45841974
0.0,1,0.5088582
0.0,0,0.38851193
0.0,0,0.43963557
1.0,1,0.6026804
1.0,1,0.72695184
1.0,0,0.4772814
0.0,0,0.39122388
0.0,0,0.39000115
1.0,0,0.38421503
0.0,0,0.42385915
1.0,1,0.6154573
0.0,0,0.40140536
0.0,0,0.38250232
1.0,0,0.4151571
0.0,0,0.36375758
1.0,1,0.7195878
0.0,1,0.53732634
0.0,0,0.4043231
0.0,0,0.39301595
0.0,0,0.33864856
1.0,0,0.49678093
1.0,0,0.40176746
0.0,0,0.366351
1.0,1,0.529498
1.0,0,0.46985736
1.0,1,0.6921191
0.0,0,0.50260633
1.0,1,0.7751248
1.0,1,0.5542674
0.0,1,0.5738527
0.0,0,0.36279556
0.0,1,0.52315336
0.0,1,0.5373936
1.0,0,0.43000826
0.0,1,0.6125641
0.0,0,0.43865532
0.0,1,0.65399534
1.0,1,0.5752145
0.0,0,0.35263783
0.0,0,0.43752274
1.0,0,0.4416516
1.0,0,0.33184475
1.0,0,0.47977182
0.0,0,0.4363636
1.0,1,0.5835311
1.0,1,0.5091241
1.0,1,0.6894157
0.0,1,0.76963264
0.0,0,0.34781733
0.0,0,0.39359048
1.0,1,0.555021
0.0,0,0.3958152
1.0,0,0.40423125
0.0,0,0.4150933
1.0,1,0.6979992
1.0,0,0.39308667
0.0,0,0.4467435
0.0,1,0.6077346
1.0,1,0.6570743
0.0,1,0.58355516
0.0,0,0.40256673
0.0,0,0.50036854
1.0,0,0.41235182
1.0,1,0.5123642
0.0,0,0.36621517
0.0,0,0.41252482
0.0,0,0.35036746
0.0,1,0.5618644
1.0,1,0.74517894
1.0,0,0.40812957
1.0,0,0.5023718
1.0,1,0.7312545
1.0,0,0.37747285
0.0,0,0.36298704
0.0,0,0.3935832
0.0,1,0.55084544
0.0,1,0.5347174
1.0,0,0.45965886
0.0,0,0.39645535
0.0,1,0.564985
0.0,0,0.4229351
0.0,0,0.35980353
0.0,0,0.47545248
0.0,0,0.40430468
0.0,0,0.43063155
0.0,0,0.38826495
0.0,0,0.38488567
0.0,0,0.3731667
0.0,0,0.38657382
0.0,0,0.47289017
1.0,0,0.46100888
1.0,1,0.6438779
0.0,1,0.6315279
0.0,0,0.37122998
1.0,1,0.69714725
0.0,0,0.3857892
0.0,0,0.37424597
0.0,0,0.3939912
1.0,0,0.5031812
1.0,1,0.58752704
1.0,1,0.5240001
1.0,1,0.629569
1.0,0,0.37671044
1.0,0,0.38232276
1.0,0,0.39171162
0.0,1,0.60308313
0.0,0,0.41391847
0.0,0,0.47495952
0.0,1,0.56661665
0.0,0,0.38820365
1.0,1,0.6851516
1.0,1,0.6596301
0.0,0,0.43554813
1.0,0,0.4423663
0.0,0,0.35790038
1.0,0,0.47096056
0.0,0,0.5006079
1.0,1,0.64768475
1.0,0,0.35380784
1.0,0,0.4568486
0.0,1,0.74312276
1.0,0,0.48371607
0.0,0,0.4211825
0.0,0,0.35509896
0.0,1,0.560265
1.0,1,0.6079888
1.0,0,0.49412996
1.0,0,0.38839757
1.0,1,0.5157166
0.0,0,0.34022197
0.0,0,0.4209661
0.0,0,0.45263156
0.0,0,0.38824573
1.0,1,0.714501
1.0,1,0.61234504
1.0,1,0.5754766
1.0,0,0.40081245
1.0,1,0.6281169
0.0,0,0.44563347
1.0,1,0.62962055
1.0,1,0.74664927
0.0,1,0.673423
0.0,0,0.47794122
1.0,1,0.5810716
0.0,0,0.49751782
1.0,1,0.6234041
1.0,1,0.7280772
0.0,0,0.3821787
0.0,0,0.39678922
0.0,0,0.40204507
1.0,1,0.76095474
0.0,0,0.42097005
1.0,0,0.41608962
1.0,1,0.5188664
0.0,0,0.45303357
0.0,0,0.37645265
0.0,0,0.39270243
1.0,1,0.62004316
0.0,0,0.4122872
1.0,1,0.5951373
1.0,1,0.7164377
1.0,1,0.6164518
0.0,0,0.4040935
0.0,1,0.5174385
0.0,0,0.47177678
1.0,1,0.63353336
0.0,0,0.36773196
1.0,1,0.5799207
1.0,1,0.6816317
0.0,0,0.4044047
0.0,0,0.38328815
0.0,0,0.4615576
0.0,0,0.36164927
1.0,1,0.71693003
1.0,0,0.4325734
0.0,0,0.38154566
1.0,1,0.51885104
0.0,0,0.49026346
1.0,0,0.35501269
1.0,0,0.42963597
1.0,1,0.59591085
0.0,0,0.38504001
0.0,0,0.3471598
0.0,0,0.42867056
0.0,0,0.35937095
1.0,1,0.74588645
0.0,0,0.36509576
0.0,0,0.4366295
1.0,1,0.7248635
1.0,0,0.38648346
1.0,1,0.59531987
0.0,0,0.36513135
1.0,1,0.6218847
1.0,0,0.47641644
1.0,1,0.6529729
0.0,1,0.72986
0.0,0,0.39354056
1.0,1,0.5549946
1.0,0,0.43618107
0.0,0,0.34226203
1.0,0,0.36661643
1.0,1,0.6174119
1.0,1,0.5469336
1.0,1,0.58183354
0.0,0,0.36758855
1.0,1,0.632163
0.0,0,0.35927165
0.0,0,0.47298285
0.0,0,0.34386712
1.0,1,0.5070256
0.0,0,0.36502582
0.0,0,0.33621594
1.0,1,0.6946342
1.0,1,0.66864765
1.0,1,0.5239202
1.0,1,0.6233368
0.0,0,0.44664207
1.0,1,0.6014546
1.0,0,0.38082644
1.0,1,0.68350387
0.0,0,0.36816803
0.0,1,0.5738631
0.0,0,0.3499686
0.0,0,0.37773466
0.0,0,0.48007885
1.0,1,0.51604843
1.0,0,0.4568286
0.0,1,0.5913754
0.0,0,0.44527978
0.0,0,0.38320565
0.0,0,0.34053743
0.0,0,0.48854864
0.0,0,0.371416
1.0,0,0.3959947
0.0,0,0.39804956
1.0,0,0.37365738
1.0,0,0.37961948
0.0,0,0.42333397
0.0,0,0.35888898
1.0,1,0.5268109
1.0,1,0.70233995
1.0,0,0.49233648
0.0,0,0.44166645
1.0,0,0.3702103
1.0,0,0.40461925
0.0,0,0.37102035
0.0,0,0.36564147
0.0,1,0.5356907
1.0,1,0.7006045
1.0,1,0.66290075
1.0,0,0.46148568
0.0,1,0.545522
1.0,1,0.7713945
0.0,0,0.34863526
0.0,1,0.61954826
0.0,0,0.34231263
0.0,0,0.45379758
1.0,1,0.55778396
1.0,1,0.553869
0.0,0,0.36861345
0.0,0,0.46129307
1.0,1,0.76469564
0.0,0,0.4147396
1.0,0,0.3489597
1.0,1,0.65117395
0.0,0,0.42064953
1.0,0,0.41784522
0.0,0,0.46359506
0.0,1,0.5507977
1.0,1,0.7223875
1.0,0,0.35336974
1.0,1,0.7039063
0.0,0,0.39912823
0.0,0,0.3724055
0.0,0,0.45104843
1.0,0,0.37345374
0.0,0,0.42077017
1.0,0,0.37306106
1.0,0,0.45855886
1.0,1,0.5704282
0.0,0,0.37952232
0.0,0,0.49375343
1.0,1,0.7130964
0.0,1,0.5998697
0.0,0,0.39549944
1.0,0,0.38755322
1.0,1,0.7597473
0.0,1,0.52573645
1.0,0,0.4491116
0.0,0,0.41579667
0.0,0,0.4710171
1.0,1,0.6377104
1.0,1,0.59706235
0.0,0,0.3454496
0.0,0,0.3963116
0.0,0,0.3994891
0.0,0,0.346345
1.0,0,0.44803143
1.0,0,0.4304616
0.0,1,0.54158074
1.0,0,0.4877049
1.0,1,0.63680077
0.0,0,0.41443488
0.0,1,0.59578085
1.0,0,0.40183306
0.0,0,0.46771914
0.0,1,0.54206735
0.0,0,0.4426692
1.0,1,0.5388935
1.0,1,0.7220855
0.0,0,0.40097815
1.0,1,0.6310574
1.0,1,0.65947044
1.0,0,0.4803424
1.0,0,0.39116362
0.0,0,0.3900663
0.0,0,0.46813858
1.0,1,0.57869357
0.0,0,0.33696014
1.0,1,0.6237455
1.0,1,0.6422961
0.0,0,0.45254257
0.0,1,0.5590382
0.0,0,0.32355842
1.0,1,0.64026546
0.0,0,0.38934574
0.0,0,0.37365276
1.0,1,0.7337558
1.0,0,0.402921
0.0,0,0.41896945
0.0,1,0.6084966
1.0,0,0.43780217
0.0,1,0.5760646
0.0,0,0.39971837
0.0,0,0.4789303
1.0,1,0.51371217
0.0,0,0.3741043
1.0,1,0.7119076
0.0,1,0.60394675
1.0,1,0.6932803
1.0,1,0.6162472
1.0,1,0.712202
1.0,0,0.43414897
0.0,0,0.47285795
0.0,1,0.722912
0.0,0,0.45522276
1.0,1,0.5835205
0.0,0,0.33729002
0.0,0,0.43698233
1.0,1,0.6377394
0.0,0,0.3657912
0.0,0,0.37106007
1.0,0,0.37562293
1.0,1,0.65095305
0.0,0,0.36011094
0.0,0,0.35558993
1.0,1,0.5973659
0.0,0,0.36406803
0.0,0,0.4345019
1.0,1,0.58375394
0.0,0,0.3365406
0.0,0,0.44142222
1.0,0,0.42884493
0.0,0,0.4106081
1.0,1,0.62276083
0.0,0,0.3541674
0.0,0,0.36129543
1.0,1,0.70593053
0.0,0,0.34018332
1.0,0,0.38400847
0.0,0,0.36302608
1.0,1,0.51680374
0.0,1,0.6766444
1.0,1,0.56412065
1.0,1,0.5762683
0.0,0,0.3727173
0.0,0,0.3639139
0.0,0,0.396175
1.0,0,0.47037944
0.0,0,0.49883103
0.0,0,0.38577482
0.0,0,0.4427192
0.0,0,0.3582364
0.0,0,0.40575248
1.0,1,0.60007614
0.0,0,0.4324029
1.0,1,0.6744292
1.0,1,0.6064167
1.0,0,0.39862323
1.0,1,0.75097185
1.0,1,0.71343386
0.0,1,0.69012374
1.0,1,0.53412616
0.0,0,0.42179146
1.0,1,0.7263069
0.0,0,0.37203074
0.0,1,0.52269274
0.0,0,0.4141715
0.0,1,0.5578696
1.0,1,0.5623761
1.0,0,0.36355466
0.0,0,0.4919864
1.0,0,0.44003826
0.0,0,0.36424
1.0,0,0.42267895
1.0,1,0.52817696
1.0,0,0.49083865
1.0,0,0.41874984
1.0,1,0.5558886
1.0,0,0.36383376
1.0,1,0.69491833
0.0,0,0.37574786
0.0,0,0.43368
1.0,0,0.49017158
1.0,1,0.5674326
0.0,1,0.5165546
0.0,1,0.5183942
0.0,0,0.3885586
0.0,1,0.5251385
1.0,1,0.71797824
0.0,0,0.4836963
0.0,0,0.37181258
1.0,0,0.45947945
0.0,1,0.5965702
0.0,0,0.40306216
0.0,1,0.70678514
1.0,1,0.7530294
1.0,1,0.762278
0.0,0,0.33292684
0.0,0,0.406857
0.0,0,0.37757125
0.0,0,0.44389072
1.0,0,0.38093916
1.0,1,0.5477856
0.0,1,0.70071614
1.0,1,0.6904486
1.0,1,0.54716897
0.0,0,0.43639418
1.0,1,0.58971095
1.0,1,0.6021542
0.0,0,0.40130597
1.0,1,0.51438904
0.0,0,0.3725413
1.0,1,0.58843464
0.0,1,0.579542
1.0,0,0.48922026
0.0,1,0.52809334
1.0,1,0.6994496
1.0,0,0.4880027
1.0,1,0.70950043
1.0,1,0.710151
1.0,0,0.47650215
1.0,1,0.65767854
1.0,1,0.61555505
1.0,0,0.37855208
1.0,1,0.55789757
0.0,0,0.42936048
0.0,0,0.3860671
0.0,0,0.37362882
0.0,0,0.4866186
0.0,1,0.553984
0.0,0,0.50253993
0.0,0,0.42190003
1.0,0,0.39835152
0.0,0,0.4704273
0.0,0,0.4851735
1.0,0,0.4939399
0.0,1,0.5078388
0.0,0,0.36387527
0.0,1,0.7282303
1.0,1,0.61678374
0.0,0,0.3596642
1.0,0,0.3994544
0.0,0,0.37705588
1.0,1,0.53431225
0.0,0,0.4357751
1.0,1,0.72046757
1.0,1,0.72092026
0.0,0,0.4073839
1.0,1,0.5336881
0.0,1,0.5156827
0.0,0,0.37553447
1.0,1,0.65453756
1.0,1,0.51928264
0.0,0,0.42052436
0.0,0,0.47918534
1.0,1,0.515054
1.0,1,0.5899631
1.0,0,0.35470167
0.0,0,0.37499848
1.0,1,0.6942713
0.0,0,0.47407386
1.0,1,0.7514903
0.0,0,0.4757475
1.0,0,0.35445982
1.0,1,0.6874477
0.0,1,0.5212208
0.0,0,0.3466936
1.0,1,0.7632745
1.0,1,0.61607337
1.0,1,0.5856966
0.0,0,0.45434234
1.0,0,0.44856852
1.0,1,0.76829255
0.0,1,0.743103
0.0,0,0.42110777
0.0,0,0.35618636
1.0,0,0.3830649
1.0,1,0.7301267
0.0,1,0.6712059
1.0,1,0.64713854
0.0,0,0.3603468
1.0,0,0.44218048
1.0,0,0.40118736
0.0,0,0.41362008
0.0,1,0.64386576
1.0,1,0.6895025
1.0,1,0.5203075
1.0,0,0.4929489
1.0,1,0.7273252
1.0,0,0.42425105
0.0,0,0.4369689
1.0,0,0.38539493
0.0,0,0.40823552
0.0,1,0.6173554
0.0,0,0.4005567
0.0,1,0.6828204
1.0,1,0.75234085
1.0,1,0.5533926
1.0,1,0.75269365
0.0,0,0.41064373
1.0,1,0.591795
0.0,0,0.410403
1.0,1,0.6331824
0.0,0,0.4088697
1.0,0,0.35746628
1.0,1,0.53665227
1.0,1,0.6769328
