True_Label,Predicted_Label,Probability
0.0,0,0.39394236
0.0,1,0.6596352
0.0,0,0.27524257
1.0,1,0.67690754
0.0,0,0.43744332
0.0,0,0.2200776
1.0,1,0.93595093
0.0,0,0.15467112
0.0,0,0.34174016
0.0,0,0.2787867
1.0,1,0.8514466
0.0,0,0.3285035
0.0,1,0.5057736
0.0,0,0.2761725
0.0,1,0.6320028
1.0,1,0.6794649
0.0,1,0.5961526
1.0,0,0.31119257
0.0,1,0.59232754
1.0,1,0.82681817
0.0,0,0.4389525
0.0,0,0.08159754
0.0,0,0.26005584
1.0,1,0.8466611
1.0,1,0.89689165
1.0,1,0.7602993
0.0,0,0.4593965
0.0,0,0.15281324
1.0,1,0.75762945
1.0,1,0.6554533
1.0,0,0.4672489
1.0,1,0.5622044
0.0,0,0.2920737
1.0,1,0.8250771
1.0,1,0.9279922
0.0,1,0.56045306
1.0,1,0.5004142
0.0,0,0.14382993
0.0,1,0.689374
1.0,1,0.8611923
1.0,1,0.8111432
1.0,1,0.744274
1.0,1,0.77932185
1.0,1,0.87867844
0.0,0,0.27541026
0.0,0,0.21940452
0.0,0,0.1783534
1.0,1,0.8009357
1.0,0,0.2337355
0.0,1,0.6614676
0.0,1,0.5217261
1.0,1,0.631692
1.0,1,0.7894563
1.0,1,0.50749886
0.0,1,0.5156649
1.0,1,0.9323917
0.0,0,0.14300273
0.0,0,0.11229287
0.0,0,0.25441912
1.0,1,0.90347284
0.0,0,0.39610204
0.0,0,0.23006949
1.0,1,0.89279664
0.0,0,0.16838937
0.0,1,0.54345214
0.0,0,0.15260014
1.0,0,0.40829226
0.0,0,0.18346202
1.0,1,0.86574745
0.0,1,0.5840662
1.0,1,0.8544988
1.0,1,0.9080663
1.0,1,0.59969634
1.0,0,0.1829396
1.0,0,0.25908145
0.0,0,0.35266477
0.0,0,0.14919376
1.0,1,0.8412271
0.0,0,0.3637352
1.0,0,0.14714465
1.0,0,0.4785965
1.0,0,0.48085335
0.0,0,0.11207739
1.0,1,0.80666596
1.0,1,0.82843477
1.0,1,0.849742
1.0,1,0.94262993
0.0,0,0.25834084
1.0,1,0.52641773
0.0,1,0.7822867
0.0,0,0.12608235
1.0,1,0.69020694
1.0,0,0.3513202
0.0,0,0.3617415
1.0,1,0.80943245
0.0,0,0.32636034
0.0,1,0.6413057
0.0,1,0.6781687
1.0,1,0.56531686
1.0,0,0.3956039
1.0,0,0.25144333
1.0,1,0.8904169
1.0,0,0.25592345
1.0,0,0.2409822
1.0,1,0.8334002
0.0,0,0.10243447
1.0,1,0.58851725
1.0,1,0.52048683
0.0,0,0.26345512
1.0,1,0.76851904
1.0,1,0.8752288
1.0,1,0.9040736
1.0,1,0.76533985
1.0,1,0.653534
1.0,1,0.77261513
1.0,1,0.7010433
0.0,1,0.682485
1.0,0,0.40192577
0.0,1,0.6287468
1.0,1,0.67085856
0.0,0,0.32557657
1.0,1,0.7866089
1.0,0,0.21626839
1.0,0,0.20948955
1.0,1,0.71485937
0.0,0,0.36570117
0.0,1,0.7106221
0.0,0,0.32034296
1.0,0,0.42980945
1.0,1,0.77039033
1.0,1,0.9258667
0.0,0,0.2702851
1.0,1,0.78565985
1.0,0,0.18784776
0.0,0,0.3070503
0.0,0,0.16683036
0.0,0,0.4488404
1.0,0,0.34878263
1.0,1,0.81729
1.0,1,0.9602484
1.0,1,0.70068663
0.0,0,0.49953112
0.0,0,0.18390255
0.0,0,0.13779472
0.0,0,0.17250656
0.0,0,0.34771454
0.0,0,0.20670822
0.0,1,0.5524851
0.0,0,0.051129725
1.0,0,0.45850012
1.0,1,0.88510805
1.0,1,0.68341464
1.0,1,0.8755298
0.0,0,0.2787293
1.0,0,0.4584844
0.0,0,0.27480903
1.0,0,0.25984624
0.0,1,0.5021165
0.0,0,0.22146907
1.0,0,0.47508752
1.0,1,0.6995974
1.0,0,0.31195453
1.0,1,0.5581772
0.0,0,0.13666998
1.0,1,0.62573457
0.0,0,0.26553732
0.0,0,0.19595665
0.0,0,0.27769503
0.0,0,0.09293031
0.0,0,0.4730595
1.0,1,0.78079987
1.0,0,0.3436958
1.0,1,0.812379
1.0,1,0.8876206
1.0,0,0.4472205
0.0,0,0.109854266
0.0,1,0.5622172
0.0,0,0.2188378
1.0,1,0.9534675
1.0,1,0.5290249
1.0,0,0.12502877
0.0,0,0.100045145
1.0,1,0.75368935
1.0,1,0.5155056
1.0,1,0.8676827
0.0,0,0.11536356
1.0,1,0.8490965
1.0,0,0.2650912
0.0,0,0.17187138
0.0,0,0.24434733
1.0,0,0.38039082
1.0,1,0.5580117
1.0,0,0.38555914
0.0,0,0.08887704
1.0,1,0.67688125
0.0,0,0.26441848
0.0,1,0.76777804
1.0,1,0.8157446
1.0,1,0.73290145
0.0,1,0.7769202
0.0,0,0.35483032
1.0,1,0.7184741
1.0,0,0.27023894
0.0,0,0.25274315
0.0,0,0.12742928
1.0,0,0.44227296
1.0,1,0.64829713
0.0,0,0.34873024
0.0,1,0.61128145
0.0,0,0.27267903
1.0,0,0.2919055
1.0,1,0.7994415
0.0,0,0.34335363
1.0,1,0.74714524
1.0,1,0.55663365
0.0,1,0.7963626
0.0,0,0.2529926
0.0,0,0.22827232
1.0,0,0.49302688
1.0,1,0.88514334
0.0,0,0.31668553
0.0,0,0.47392687
1.0,1,0.5764769
1.0,1,0.67560744
1.0,1,0.6267219
1.0,1,0.8076222
0.0,0,0.1735971
1.0,1,0.8633586
0.0,0,0.20089202
0.0,0,0.2915522
1.0,1,0.73751086
1.0,0,0.22383259
1.0,1,0.85385954
0.0,1,0.7491993
1.0,1,0.6473416
0.0,0,0.28706574
0.0,0,0.4236268
0.0,0,0.13521607
1.0,1,0.6002625
0.0,1,0.6074433
1.0,0,0.19823776
1.0,1,0.5287639
0.0,0,0.2553712
1.0,0,0.246488
0.0,1,0.65769386
0.0,0,0.10206332
0.0,1,0.5913439
0.0,0,0.15273134
1.0,0,0.27650738
0.0,0,0.24110256
1.0,1,0.8458948
0.0,1,0.68942606
0.0,0,0.3681493
1.0,0,0.35271558
1.0,0,0.22783282
0.0,0,0.2941201
0.0,0,0.24798891
1.0,0,0.39865232
0.0,0,0.47303137
0.0,0,0.12059834
0.0,1,0.5852164
1.0,0,0.3183827
0.0,0,0.3667499
0.0,0,0.4148539
0.0,1,0.57224977
1.0,0,0.13283837
1.0,0,0.44639602
1.0,0,0.23375921
1.0,0,0.4452637
1.0,0,0.17652133
1.0,1,0.756179
0.0,1,0.82774764
0.0,0,0.19049044
0.0,0,0.21905102
1.0,0,0.43007421
1.0,0,0.25654116
0.0,0,0.26119304
1.0,1,0.60441786
0.0,0,0.10138231
1.0,1,0.5170152
0.0,1,0.5880805
1.0,1,0.66953534
0.0,0,0.3332532
0.0,1,0.5387294
0.0,1,0.6512864
1.0,0,0.3430032
1.0,1,0.5872882
0.0,1,0.78927064
0.0,0,0.45210668
0.0,1,0.84600496
1.0,1,0.84221846
1.0,1,0.9480893
1.0,0,0.32627568
1.0,1,0.7083344
0.0,0,0.34837714
1.0,1,0.5611379
0.0,0,0.29027212
1.0,0,0.49308306
1.0,1,0.7040133
1.0,0,0.4005428
0.0,0,0.21509132
1.0,1,0.69554865
0.0,0,0.33601677
0.0,0,0.43856242
1.0,1,0.64712846
0.0,0,0.20887148
1.0,1,0.7498191
1.0,1,0.94547564
1.0,0,0.43946195
0.0,1,0.776421
1.0,1,0.88473773
0.0,0,0.27817443
0.0,0,0.16756755
1.0,1,0.9020232
1.0,0,0.39565998
0.0,1,0.6154703
0.0,0,0.23027712
1.0,1,0.8550877
0.0,1,0.8984713
0.0,0,0.38267985
0.0,0,0.36662927
0.0,1,0.50620663
1.0,1,0.73856413
1.0,1,0.72911435
0.0,0,0.40556592
1.0,1,0.60370237
0.0,0,0.16651095
1.0,1,0.7466043
1.0,0,0.4919467
0.0,0,0.12581703
1.0,1,0.6866412
1.0,1,0.5042708
1.0,1,0.78805906
0.0,0,0.29609758
1.0,0,0.13464116
0.0,0,0.37959772
1.0,1,0.6341415
1.0,1,0.81012946
1.0,1,0.53243166
0.0,0,0.28747442
0.0,0,0.26099852
0.0,0,0.18379754
0.0,0,0.3543229
0.0,0,0.2611477
1.0,1,0.8395952
0.0,1,0.6066417
1.0,1,0.9192377
1.0,1,0.86897856
1.0,1,0.86713487
0.0,0,0.15820949
0.0,0,0.29479167
0.0,0,0.32612577
1.0,1,0.78439754
1.0,0,0.46869805
0.0,0,0.40830097
0.0,0,0.15920022
0.0,1,0.50143445
1.0,1,0.7372718
0.0,0,0.14168769
0.0,0,0.16155049
1.0,1,0.8194314
1.0,0,0.34270522
1.0,0,0.49915296
1.0,0,0.16142799
1.0,1,0.6237925
1.0,0,0.29001987
1.0,0,0.1286686
0.0,1,0.80114955
1.0,0,0.36180538
0.0,0,0.25279534
0.0,1,0.9196408
1.0,1,0.68869
0.0,0,0.2964309
0.0,0,0.26599777
0.0,1,0.51237386
1.0,1,0.8298539
0.0,1,0.679804
0.0,0,0.39849404
1.0,1,0.72092414
0.0,0,0.3521477
0.0,0,0.10756787
0.0,0,0.2978112
0.0,1,0.66965705
0.0,0,0.17451896
0.0,0,0.21412572
1.0,0,0.45830703
1.0,1,0.91348594
0.0,0,0.13682595
0.0,1,0.5546417
0.0,0,0.32388553
1.0,0,0.3218601
0.0,0,0.4954213
1.0,1,0.7406026
0.0,1,0.8557799
0.0,1,0.5043364
0.0,1,0.80612993
0.0,0,0.284202
1.0,1,0.82428324
0.0,1,0.5973285
0.0,0,0.3197907
0.0,0,0.17256913
0.0,0,0.29664943
1.0,0,0.2932339
1.0,1,0.90681154
0.0,1,0.7389424
0.0,1,0.77379906
0.0,0,0.15010414
0.0,0,0.12784128
0.0,1,0.5593062
0.0,0,0.1702494
0.0,0,0.2094825
1.0,0,0.31226826
0.0,0,0.39220142
0.0,1,0.5053178
1.0,1,0.8238539
0.0,0,0.38186294
1.0,0,0.41374865
0.0,0,0.49167156
0.0,0,0.26829335
1.0,1,0.79611754
0.0,0,0.13845874
1.0,0,0.27033496
0.0,0,0.21423517
1.0,1,0.9116413
1.0,1,0.8175136
1.0,1,0.94649667
0.0,0,0.3265642
1.0,1,0.84004277
1.0,1,0.7412702
1.0,1,0.70649165
1.0,1,0.7134219
0.0,0,0.09396515
0.0,0,0.4157266
0.0,0,0.13110793
0.0,0,0.34388036
0.0,0,0.3395105
1.0,1,0.7904147
1.0,1,0.7647688
0.0,0,0.23044829
0.0,0,0.19032678
0.0,0,0.31379455
1.0,1,0.67546636
0.0,0,0.124918796
1.0,0,0.2286211
0.0,0,0.07012728
0.0,0,0.36041808
1.0,1,0.9484971
1.0,0,0.21105757
0.0,0,0.15169778
0.0,1,0.9139423
1.0,1,0.8550514
1.0,0,0.21027023
1.0,0,0.46176466
1.0,0,0.46411645
1.0,0,0.40231025
0.0,0,0.33650106
0.0,0,0.4533962
0.0,1,0.6114084
1.0,0,0.4313257
0.0,1,0.7039145
0.0,0,0.3858619
1.0,0,0.18364927
0.0,1,0.73518974
1.0,1,0.7529218
1.0,1,0.5709314
0.0,0,0.32442352
1.0,1,0.5211073
0.0,0,0.33652034
1.0,1,0.5489187
1.0,1,0.5474774
1.0,0,0.44259718
0.0,0,0.13311574
1.0,1,0.7564114
0.0,0,0.09185785
1.0,0,0.2191222
1.0,1,0.734816
1.0,1,0.77107596
0.0,1,0.7712708
1.0,0,0.2592377
0.0,0,0.21618237
0.0,0,0.15491572
1.0,1,0.83562136
1.0,0,0.3740329
0.0,0,0.31707487
0.0,0,0.1619811
0.0,0,0.41472116
0.0,0,0.14960986
0.0,0,0.44127366
0.0,0,0.3571272
0.0,0,0.35752264
1.0,0,0.2949129
0.0,0,0.18669948
1.0,1,0.8415649
1.0,0,0.39877012
1.0,1,0.69471985
0.0,0,0.17475489
1.0,1,0.7037221
1.0,0,0.4711419
0.0,1,0.67620355
0.0,0,0.106772445
1.0,0,0.35980687
1.0,0,0.35674
0.0,0,0.34469318
0.0,0,0.43812746
0.0,0,0.18050514
1.0,1,0.7292813
1.0,1,0.8571913
0.0,0,0.46260688
0.0,0,0.11143285
0.0,0,0.29229426
1.0,1,0.70231056
1.0,0,0.23451033
1.0,1,0.8337284
0.0,0,0.4778183
1.0,0,0.19919135
1.0,1,0.8278908
0.0,0,0.4103391
0.0,0,0.082316816
1.0,1,0.5101539
0.0,1,0.60672104
1.0,1,0.8016093
0.0,0,0.37648666
0.0,0,0.18649128
0.0,0,0.22857183
0.0,0,0.417626
0.0,1,0.57820123
0.0,0,0.20226088
1.0,0,0.15584145
1.0,1,0.86786395
0.0,0,0.30538607
0.0,1,0.51841366
0.0,0,0.19026995
1.0,1,0.8602914
0.0,1,0.83907384
0.0,1,0.72019875
0.0,0,0.21348883
1.0,0,0.38298327
1.0,0,0.37199536
1.0,0,0.21883374
0.0,0,0.15313874
0.0,0,0.16677943
0.0,0,0.49751487
0.0,0,0.1597722
1.0,1,0.6113767
1.0,0,0.11552842
1.0,1,0.5589697
1.0,1,0.56856126
0.0,1,0.93698955
1.0,1,0.72491413
1.0,0,0.33597344
1.0,1,0.5280592
0.0,1,0.5316062
0.0,0,0.18250276
0.0,1,0.6435139
1.0,1,0.5029785
1.0,0,0.3751966
1.0,1,0.7808031
0.0,1,0.7165465
1.0,0,0.2868556
0.0,1,0.73529935
0.0,1,0.810761
0.0,0,0.25632334
0.0,0,0.23669498
0.0,0,0.24721217
0.0,0,0.17645635
0.0,0,0.4079383
1.0,1,0.8190221
1.0,1,0.61920565
0.0,0,0.47313976
0.0,0,0.24484725
0.0,0,0.09354506
1.0,0,0.12700297
0.0,1,0.7525992
0.0,1,0.50792927
0.0,0,0.37600505
0.0,0,0.29609764
1.0,1,0.84128726
0.0,0,0.15034656
0.0,0,0.2509355
1.0,1,0.5423342
1.0,1,0.786746
1.0,0,0.1630746
0.0,0,0.4933651
1.0,1,0.86258
1.0,1,0.6305738
1.0,1,0.9226654
0.0,0,0.37187302
0.0,0,0.40478265
1.0,1,0.95242596
0.0,1,0.69050336
0.0,0,0.42022058
1.0,1,0.86615837
0.0,0,0.19999607
1.0,1,0.7066084
1.0,0,0.28030995
0.0,1,0.5765099
1.0,1,0.91748005
1.0,1,0.5068678
1.0,0,0.18527727
1.0,1,0.63717103
0.0,1,0.6561378
1.0,1,0.8372121
1.0,1,0.77581495
1.0,0,0.20027825
0.0,0,0.46187037
1.0,0,0.27677017
1.0,1,0.9275246
0.0,1,0.78977585
1.0,0,0.12662359
1.0,1,0.89829504
0.0,1,0.6513284
0.0,0,0.28783414
0.0,1,0.61679107
0.0,1,0.5497281
1.0,0,0.33936664
1.0,0,0.34265968
1.0,1,0.69858396
0.0,0,0.16444367
0.0,0,0.49988082
0.0,1,0.7417005
1.0,0,0.43833593
0.0,0,0.34135103
0.0,0,0.20560531
1.0,1,0.93013173
1.0,1,0.6366355
0.0,1,0.6089815
1.0,1,0.77070874
0.0,0,0.332411
1.0,1,0.8097537
1.0,1,0.79657096
0.0,1,0.8785967
1.0,1,0.88460076
1.0,1,0.765023
1.0,0,0.12420884
1.0,1,0.91776633
0.0,1,0.5697166
0.0,0,0.4268668
0.0,1,0.5881868
0.0,0,0.33452472
1.0,1,0.9068269
1.0,1,0.80763394
1.0,1,0.69149244
0.0,0,0.3145732
1.0,1,0.79800636
0.0,0,0.2300475
0.0,0,0.4139319
0.0,1,0.9072888
1.0,1,0.9093837
1.0,1,0.6462123
1.0,1,0.9105687
1.0,1,0.615834
0.0,0,0.13367027
0.0,0,0.15606399
0.0,1,0.78226984
0.0,1,0.5863305
0.0,0,0.12039408
0.0,0,0.124427155
0.0,0,0.31497356
0.0,0,0.4479431
0.0,0,0.12751395
1.0,1,0.7956002
0.0,0,0.20791432
0.0,0,0.27418903
1.0,1,0.83099806
1.0,0,0.35261193
1.0,1,0.642528
0.0,0,0.46507293
0.0,1,0.5628947
1.0,0,0.29243872
0.0,1,0.5821068
1.0,1,0.79478747
0.0,0,0.36826125
0.0,0,0.17562933
1.0,1,0.7392993
0.0,0,0.38107702
1.0,1,0.6816653
1.0,1,0.70144904
0.0,0,0.22297542
1.0,0,0.47538394
0.0,1,0.5461298
0.0,0,0.1422937
0.0,1,0.6624895
0.0,0,0.42215797
1.0,1,0.62337315
1.0,1,0.7399899
0.0,0,0.40977365
0.0,1,0.7477491
1.0,1,0.8828558
1.0,0,0.24654295
1.0,1,0.8943116
1.0,1,0.57898563
0.0,1,0.6845836
1.0,1,0.5830054
0.0,1,0.7574773
0.0,0,0.4363451
0.0,0,0.2629386
1.0,0,0.44640002
0.0,0,0.26490456
0.0,1,0.71063954
0.0,1,0.54086035
0.0,0,0.10654884
1.0,0,0.21483669
1.0,1,0.5699983
0.0,0,0.26524428
0.0,0,0.24715964
0.0,1,0.5873864
0.0,0,0.48115343
0.0,1,0.6943866
0.0,0,0.18918115
1.0,1,0.6347033
1.0,1,0.7740563
1.0,1,0.8927912
0.0,0,0.18680286
0.0,0,0.28680685
0.0,0,0.30484024
1.0,1,0.7270753
1.0,1,0.68125063
0.0,1,0.8196818
0.0,0,0.44180098
0.0,0,0.19595525
1.0,1,0.8255577
0.0,0,0.4341743
1.0,0,0.4926212
1.0,0,0.39061737
0.0,0,0.38213673
1.0,0,0.37757653
1.0,0,0.38532668
0.0,0,0.2539798
0.0,0,0.3886331
1.0,1,0.7397114
1.0,1,0.91363645
0.0,0,0.4538727
0.0,0,0.29483178
1.0,0,0.3627748
1.0,0,0.23883997
1.0,0,0.38361156
0.0,0,0.3233289
0.0,0,0.37014464
0.0,0,0.24723376
1.0,1,0.7618876
0.0,0,0.15387183
0.0,0,0.2704057
0.0,0,0.29720417
0.0,1,0.6439756
1.0,0,0.3914603
1.0,1,0.6845785
0.0,0,0.17410527
1.0,0,0.24090917
1.0,0,0.30918947
0.0,0,0.20009977
1.0,0,0.4215197
0.0,0,0.4283331
0.0,0,0.36235812
0.0,0,0.22259006
1.0,0,0.24603146
0.0,0,0.12778573
0.0,0,0.22009362
0.0,1,0.6445803
1.0,1,0.74653786
0.0,1,0.5491769
1.0,0,0.4519578
1.0,0,0.49853903
1.0,1,0.79392326
0.0,0,0.48074457
1.0,1,0.8417032
1.0,0,0.4829036
0.0,0,0.42378247
1.0,1,0.7844009
0.0,0,0.122669905
1.0,1,0.9179904
0.0,0,0.21347694
1.0,0,0.47545233
1.0,1,0.6857914
0.0,0,0.31520998
0.0,0,0.26749104
1.0,0,0.27438706
0.0,0,0.1641504
1.0,0,0.3701607
0.0,0,0.3016872
0.0,0,0.1640332
0.0,0,0.18493181
1.0,1,0.63846815
1.0,1,0.81712455
1.0,1,0.5907074
1.0,1,0.82042176
0.0,1,0.5355954
1.0,0,0.46395588
1.0,1,0.82836443
0.0,0,0.06859831
0.0,0,0.31501502
1.0,0,0.33993053
0.0,0,0.15484342
0.0,1,0.73229885
0.0,0,0.20975447
1.0,1,0.7056897
0.0,0,0.38236398
0.0,0,0.17379832
0.0,0,0.4164171
1.0,0,0.3876992
0.0,0,0.18016642
0.0,0,0.262788
0.0,0,0.13727072
1.0,1,0.73184025
0.0,0,0.3232821
1.0,1,0.85529506
1.0,1,0.6510131
0.0,1,0.71795666
1.0,1,0.5891544
1.0,1,0.9556544
1.0,1,0.75419104
0.0,0,0.3455566
1.0,1,0.7881901
0.0,0,0.2784619
1.0,1,0.54960394
0.0,0,0.13712138
0.0,0,0.34694082
1.0,1,0.5796174
0.0,0,0.37275007
0.0,0,0.14740567
1.0,1,0.8765773
0.0,0,0.3895669
1.0,1,0.9145959
1.0,1,0.61028075
1.0,0,0.45877078
1.0,0,0.43951598
0.0,0,0.40157014
0.0,0,0.2976194
0.0,0,0.20645857
1.0,1,0.6138741
1.0,1,0.64868987
1.0,1,0.858021
0.0,0,0.2161857
0.0,1,0.6566317
1.0,0,0.25585073
1.0,1,0.7937771
1.0,1,0.6524724
0.0,0,0.40714294
1.0,0,0.48352
1.0,1,0.92258525
1.0,1,0.5578124
0.0,1,0.7251519
1.0,1,0.83685386
0.0,0,0.31036586
0.0,0,0.20940915
0.0,0,0.3363978
1.0,0,0.23023047
1.0,1,0.87310123
0.0,0,0.39539647
0.0,1,0.52630687
1.0,0,0.48472226
0.0,0,0.09002012
0.0,0,0.40460956
1.0,1,0.75361043
1.0,1,0.52665377
1.0,1,0.6999081
1.0,0,0.30691406
1.0,0,0.40326703
0.0,0,0.25245112
0.0,0,0.46551394
0.0,0,0.38932702
1.0,1,0.57556325
1.0,1,0.6841432
1.0,1,0.8755562
0.0,1,0.6602773
0.0,1,0.89059484
0.0,0,0.37013704
0.0,1,0.6534925
1.0,1,0.7460574
1.0,1,0.8011003
0.0,0,0.22854817
0.0,0,0.2899573
0.0,0,0.20039062
0.0,0,0.4096765
0.0,0,0.17291154
0.0,0,0.2151216
1.0,1,0.780566
0.0,0,0.26054683
1.0,1,0.8365782
0.0,1,0.7846896
1.0,1,0.5006969
0.0,1,0.8264515
1.0,0,0.34991175
0.0,0,0.15921722
0.0,0,0.14864962
0.0,0,0.4629818
1.0,1,0.68014675
1.0,1,0.55435026
0.0,1,0.7153735
0.0,1,0.5045
1.0,0,0.2416339
1.0,0,0.36885935
0.0,0,0.4141206
0.0,0,0.18375428
1.0,1,0.95393145
1.0,1,0.8550924
0.0,1,0.56442076
0.0,0,0.2514154
1.0,0,0.31619814
1.0,1,0.7038966
1.0,1,0.5824617
1.0,1,0.8694007
0.0,0,0.14715895
1.0,1,0.62716407
1.0,1,0.5703468
1.0,0,0.21092673
1.0,1,0.7015578
0.0,0,0.12791982
1.0,1,0.85489845
0.0,1,0.5767091
1.0,0,0.48643452
1.0,1,0.6025106
1.0,1,0.6189948
1.0,0,0.27917993
0.0,0,0.3314328
1.0,1,0.7100901
1.0,1,0.8299392
0.0,0,0.22834256
0.0,1,0.5407179
1.0,0,0.4068917
1.0,1,0.8151871
0.0,0,0.16220616
0.0,0,0.19757944
0.0,0,0.35772303
0.0,0,0.23396805
1.0,1,0.6311935
0.0,0,0.26410982
0.0,0,0.18034555
1.0,0,0.21647753
1.0,1,0.76035625
1.0,1,0.86054134
1.0,1,0.5523558
0.0,0,0.45639294
0.0,0,0.24375342
0.0,1,0.57599294
0.0,0,0.30898935
1.0,0,0.125441
1.0,1,0.812704
1.0,1,0.8531368
0.0,0,0.1882293
1.0,0,0.4083606
1.0,1,0.87642324
0.0,0,0.30582696
1.0,1,0.80327153
1.0,0,0.3917509
1.0,1,0.7132641
0.0,0,0.431773
1.0,0,0.31019184
0.0,1,0.6338884
0.0,1,0.7189291
0.0,0,0.32602227
0.0,0,0.22491515
0.0,0,0.366337
1.0,0,0.26568756
1.0,1,0.7997183
0.0,0,0.17499793
0.0,0,0.34771633
0.0,0,0.19646366
1.0,0,0.44451416
1.0,0,0.28960478
0.0,1,0.65903527
1.0,0,0.427166
1.0,0,0.47245434
0.0,0,0.16343105
1.0,0,0.19419433
0.0,1,0.5072045
0.0,1,0.5118887
1.0,0,0.19427921
1.0,0,0.43221265
1.0,1,0.94395965
0.0,1,0.6741984
0.0,0,0.3049206
0.0,1,0.8553332
0.0,0,0.38596117
1.0,1,0.8030658
1.0,0,0.46175033
0.0,0,0.4836004
1.0,1,0.85518456
0.0,0,0.2112073
0.0,0,0.093206815
1.0,1,0.9219653
1.0,1,0.62206125
1.0,0,0.23023388
1.0,0,0.23914035
0.0,0,0.39909104
1.0,1,0.55669165
0.0,1,0.5199219
1.0,1,0.8051329
0.0,0,0.16061372
0.0,0,0.26172188
0.0,1,0.7894012
1.0,1,0.80760145
1.0,1,0.5675079
0.0,0,0.22447631
1.0,1,0.6153122
1.0,0,0.31350115
0.0,1,0.5174431
1.0,1,0.79827976
0.0,1,0.7721124
1.0,1,0.7927771
0.0,0,0.2783291
1.0,0,0.37415233
1.0,0,0.2003666
1.0,1,0.7405535
1.0,0,0.46116033
0.0,0,0.21623835
1.0,0,0.4161518
1.0,0,0.46445495
1.0,1,0.5648653
0.0,1,0.5323039
0.0,0,0.09767501
1.0,1,0.8761097
1.0,1,0.75407827
1.0,0,0.21050721
0.0,0,0.2935319
1.0,0,0.4564168
1.0,1,0.8134202
1.0,1,0.6570279
1.0,0,0.17164443
1.0,0,0.49274135
0.0,0,0.18294397
1.0,0,0.41726795
0.0,0,0.36356625
1.0,1,0.8926539
1.0,1,0.8224654
1.0,1,0.9409249
1.0,1,0.6994162
0.0,0,0.30633962
1.0,1,0.69401413
1.0,1,0.76517093
1.0,1,0.6544378
0.0,0,0.28875715
0.0,1,0.6736801
0.0,0,0.17961334
1.0,0,0.40754664
0.0,1,0.68507403
1.0,1,0.8233208
1.0,0,0.48047918
0.0,0,0.18338138
0.0,0,0.18667169
0.0,1,0.71698177
0.0,0,0.35161185
1.0,1,0.7056217
1.0,0,0.47795406
0.0,1,0.92160547
1.0,1,0.76973176
1.0,1,0.75498664
0.0,1,0.5206439
1.0,1,0.7771903
0.0,0,0.2058319
0.0,0,0.4938576
1.0,1,0.76745564
1.0,1,0.87097424
0.0,0,0.24296558
1.0,1,0.57731175
1.0,0,0.49447033
0.0,1,0.51813525
0.0,0,0.04960979
0.0,0,0.16458021
0.0,0,0.16140454
1.0,1,0.5444954
0.0,1,0.6775637
0.0,0,0.39335138
0.0,0,0.20617273
0.0,1,0.8204714
0.0,0,0.264186
0.0,1,0.573191
1.0,1,0.889928
1.0,1,0.9335329
0.0,0,0.27603748
0.0,0,0.34456164
1.0,0,0.4017614
1.0,1,0.8516211
0.0,0,0.17582345
0.0,0,0.26679337
1.0,1,0.6466556
1.0,1,0.8832114
1.0,1,0.93408996
1.0,1,0.81730217
0.0,0,0.46035612
1.0,0,0.26178026
0.0,0,0.19100459
0.0,0,0.24597175
1.0,1,0.7224364
1.0,1,0.8570043
1.0,1,0.8942463
1.0,0,0.42369348
1.0,1,0.8248798
0.0,1,0.5885616
0.0,0,0.3277553
1.0,0,0.14581344
0.0,0,0.123262085
1.0,1,0.532632
1.0,1,0.8901305
0.0,0,0.10059053
1.0,0,0.1786977
0.0,0,0.19274937
1.0,0,0.3942058
0.0,0,0.45488307
0.0,0,0.34200063
1.0,1,0.83328676
0.0,1,0.67897785
0.0,0,0.24912842
1.0,1,0.8763251
1.0,1,0.78458214
1.0,1,0.7135174
0.0,0,0.22152926
1.0,1,0.7171227
1.0,1,0.7165044
0.0,1,0.59593886
1.0,0,0.34323815
0.0,1,0.59066236
1.0,0,0.49513155
0.0,1,0.70988125
1.0,1,0.6783098
1.0,0,0.24909426
1.0,1,0.6350891
0.0,1,0.7753841
0.0,0,0.1618188
1.0,1,0.9080978
0.0,0,0.30982336
1.0,1,0.7284442
1.0,0,0.35076705
0.0,0,0.17672579
1.0,1,0.91573983
1.0,1,0.83638644
0.0,0,0.42482448
0.0,0,0.31572673
0.0,0,0.25762123
0.0,0,0.28511646
0.0,0,0.43787685
1.0,0,0.3786759
1.0,1,0.5192869
1.0,1,0.79960597
1.0,0,0.46947587
1.0,1,0.7783529
0.0,1,0.8933625
0.0,0,0.35698158
1.0,1,0.659105
0.0,1,0.6629496
0.0,0,0.43094334
0.0,0,0.23578025
0.0,1,0.62411225
0.0,1,0.56550604
1.0,1,0.7823977
0.0,0,0.3180609
0.0,0,0.23071606
1.0,1,0.6214632
1.0,1,0.72137386
1.0,0,0.4888236
0.0,0,0.49097905
0.0,0,0.32691002
0.0,0,0.2667643
0.0,0,0.32237366
1.0,1,0.6457347
1.0,1,0.84180313
1.0,0,0.17660415
0.0,0,0.4193444
0.0,1,0.8650935
0.0,0,0.3602924
1.0,1,0.820428
0.0,0,0.305577
0.0,0,0.3643855
1.0,1,0.8507325
0.0,0,0.20489272
1.0,1,0.9002911
1.0,1,0.5413938
0.0,0,0.17251222
0.0,0,0.24464047
0.0,0,0.0905084
0.0,0,0.117749125
1.0,1,0.81613266
1.0,1,0.8757225
1.0,1,0.86061233
0.0,0,0.34093577
0.0,0,0.34372666
0.0,1,0.8174351
0.0,0,0.22405575
1.0,1,0.58373785
0.0,0,0.28766444
1.0,0,0.26354986
0.0,0,0.38613924
1.0,0,0.44737104
0.0,0,0.2969037
0.0,1,0.5925581
1.0,0,0.29104295
1.0,1,0.8179203
0.0,0,0.12841439
1.0,1,0.6872597
0.0,1,0.8267258
0.0,0,0.47108316
1.0,1,0.8483289
0.0,1,0.6353
1.0,1,0.67498404
0.0,1,0.7186081
1.0,0,0.20992249
1.0,0,0.18960913
1.0,0,0.36628464
0.0,0,0.47947982
1.0,0,0.26017958
0.0,0,0.35903147
0.0,0,0.09525902
0.0,0,0.32473448
0.0,1,0.5333233
1.0,1,0.52633274
1.0,0,0.39233065
0.0,0,0.28628102
1.0,1,0.6502444
0.0,0,0.22387967
1.0,0,0.2849196
0.0,0,0.18939348
1.0,1,0.6067823
1.0,1,0.88137764
0.0,0,0.25154826
0.0,0,0.42235598
1.0,0,0.328886
0.0,0,0.2551087
1.0,1,0.8084647
1.0,1,0.8839347
1.0,1,0.6378411
1.0,1,0.6439564
1.0,1,0.8121599
0.0,0,0.2822393
0.0,1,0.6718515
1.0,1,0.5427283
0.0,1,0.69183826
1.0,1,0.72716254
0.0,0,0.17552067
1.0,1,0.7122144
1.0,1,0.9093886
0.0,0,0.27467215
1.0,1,0.8229272
0.0,0,0.1943864
0.0,0,0.17005014
1.0,1,0.9413665
0.0,0,0.17476219
1.0,1,0.8233888
0.0,1,0.6652872
1.0,1,0.8482636
0.0,0,0.28214496
1.0,0,0.17740236
0.0,1,0.7538168
1.0,1,0.50124073
1.0,1,0.5799538
1.0,0,0.46180895
1.0,1,0.70778733
1.0,1,0.7050632
0.0,0,0.13952672
1.0,1,0.7206029
0.0,0,0.41659024
1.0,1,0.9333691
0.0,0,0.09401449
0.0,1,0.5056906
1.0,0,0.4835151
0.0,0,0.22432706
0.0,0,0.19854203
1.0,0,0.43269047
0.0,0,0.4146365
0.0,0,0.36248472
0.0,1,0.8632339
0.0,0,0.20946315
1.0,1,0.57947916
1.0,1,0.7567878
1.0,1,0.76114744
1.0,0,0.31802195
0.0,0,0.47905055
0.0,0,0.07077868
1.0,1,0.8165157
1.0,0,0.44651327
0.0,0,0.3958872
0.0,0,0.194005
0.0,0,0.19177221
1.0,1,0.83820266
1.0,1,0.7533888
1.0,1,0.52943045
0.0,0,0.21396148
1.0,0,0.29432967
1.0,1,0.9044559
1.0,0,0.48025608
0.0,0,0.29934314
1.0,1,0.59337205
0.0,0,0.19021074
0.0,0,0.18286955
1.0,0,0.42788664
1.0,0,0.33787382
1.0,1,0.6435963
0.0,0,0.4276964
1.0,1,0.7260772
0.0,0,0.30496258
1.0,1,0.563926
1.0,0,0.45874232
0.0,0,0.11166758
1.0,1,0.93632114
0.0,0,0.1986905
0.0,1,0.6843679
0.0,0,0.42752254
0.0,0,0.0823984
1.0,1,0.762262
1.0,1,0.7127366
0.0,1,0.5426826
1.0,1,0.5386211
1.0,1,0.88618183
1.0,0,0.46529314
0.0,0,0.24929896
0.0,0,0.35632825
1.0,1,0.71069455
1.0,1,0.845581
0.0,0,0.48592502
1.0,1,0.8192502
1.0,1,0.72439474
0.0,1,0.5660186
1.0,1,0.5232365
1.0,1,0.7153516
0.0,0,0.12355076
1.0,1,0.88498855
1.0,0,0.49570408
1.0,1,0.7589396
1.0,1,0.82622194
1.0,1,0.85712403
0.0,1,0.6530884
0.0,0,0.41053116
0.0,1,0.62017626
1.0,1,0.7444717
1.0,0,0.20620136
0.0,0,0.42912143
1.0,0,0.4752035
1.0,0,0.24494019
1.0,0,0.40006867
0.0,0,0.18833774
1.0,1,0.5236304
1.0,1,0.6402264
0.0,0,0.44676453
0.0,0,0.19172612
0.0,0,0.4591247
0.0,0,0.27777767
1.0,1,0.7308778
1.0,1,0.729189
0.0,1,0.75679255
1.0,1,0.724631
1.0,0,0.4097249
0.0,1,0.699537
1.0,1,0.74063176
1.0,1,0.78906673
1.0,1,0.56004196
0.0,0,0.29866853
0.0,0,0.27141774
1.0,1,0.8078936
1.0,1,0.8860769
0.0,0,0.1763895
0.0,1,0.5337583
1.0,1,0.91310245
0.0,0,0.49929598
0.0,0,0.22296152
1.0,0,0.19325025
0.0,0,0.10801011
0.0,0,0.4218469
0.0,0,0.4941688
0.0,0,0.32688642
0.0,1,0.5265034
0.0,0,0.4915751
0.0,0,0.2321702
1.0,0,0.23600821
0.0,0,0.22524886
1.0,0,0.31059474
1.0,1,0.7297471
0.0,0,0.15552734
0.0,0,0.17939042
1.0,0,0.27700886
0.0,1,0.77460843
1.0,1,0.5974134
1.0,1,0.61820126
0.0,0,0.22072859
0.0,0,0.20904033
0.0,1,0.6318269
1.0,1,0.799161
1.0,1,0.8789613
1.0,1,0.89889455
1.0,0,0.16258946
1.0,1,0.7385369
1.0,0,0.25181884
0.0,0,0.40543064
1.0,1,0.84120667
1.0,1,0.7369031
0.0,1,0.5152136
0.0,0,0.09272354
0.0,0,0.3104805
1.0,1,0.621009
0.0,1,0.61631864
0.0,0,0.33773056
1.0,1,0.9040111
0.0,1,0.6123098
0.0,0,0.4750392
1.0,1,0.8304429
1.0,0,0.23390964
1.0,1,0.7642098
0.0,0,0.24637246
1.0,0,0.2708367
1.0,1,0.72571754
0.0,1,0.89476615
1.0,1,0.69362396
1.0,0,0.16387394
0.0,0,0.37069708
0.0,0,0.41650343
0.0,0,0.46358472
1.0,0,0.29702187
1.0,1,0.6702885
1.0,1,0.5200674
0.0,0,0.2662423
0.0,0,0.37534633
0.0,0,0.21015492
1.0,1,0.7690987
1.0,0,0.38158163
1.0,1,0.75473297
1.0,0,0.3703688
1.0,1,0.5179102
0.0,1,0.6199358
0.0,0,0.4633126
0.0,0,0.3134325
1.0,1,0.5327698
1.0,1,0.53943306
0.0,0,0.44519046
1.0,1,0.7626957
1.0,1,0.89242554
1.0,1,0.89028186
1.0,0,0.12161951
0.0,0,0.46131736
1.0,1,0.81795
0.0,0,0.30358753
1.0,1,0.85908365
0.0,0,0.27274087
0.0,0,0.3498434
1.0,1,0.7493354
0.0,0,0.37279823
1.0,1,0.930314
0.0,1,0.50997037
1.0,0,0.21153644
1.0,1,0.8571475
0.0,0,0.20799553
1.0,1,0.87631035
1.0,1,0.5326534
1.0,0,0.27733827
1.0,1,0.9330395
0.0,0,0.49614426
1.0,1,0.59955704
0.0,1,0.5375908
1.0,1,0.81154037
0.0,0,0.26406425
0.0,0,0.34607497
0.0,0,0.18754639
1.0,1,0.9420245
0.0,0,0.070904985
1.0,1,0.729167
0.0,0,0.32835817
0.0,1,0.555949
1.0,0,0.3453268
0.0,0,0.28922376
1.0,1,0.7746536
0.0,1,0.54416627
1.0,1,0.81207234
0.0,1,0.622957
1.0,1,0.6147599
1.0,0,0.11123993
1.0,1,0.7861053
1.0,1,0.63830477
0.0,0,0.35251844
0.0,0,0.34504062
0.0,1,0.5580779
0.0,0,0.25878993
1.0,1,0.71090794
0.0,1,0.6051754
0.0,1,0.51855063
1.0,1,0.6138306
1.0,1,0.9323036
1.0,1,0.84179485
1.0,1,0.80158657
0.0,1,0.7880677
0.0,1,0.6309646
1.0,1,0.8607539
1.0,1,0.850469
0.0,0,0.3567435
1.0,1,0.61658734
1.0,1,0.5317538
0.0,1,0.8086354
1.0,1,0.58245194
0.0,1,0.7879629
1.0,1,0.94048923
1.0,1,0.6535665
0.0,0,0.26363358
0.0,0,0.36980084
0.0,0,0.43926486
1.0,1,0.82262665
1.0,1,0.84638053
0.0,1,0.6591285
0.0,0,0.29710335
0.0,1,0.55455035
0.0,0,0.17375606
0.0,0,0.47672653
1.0,0,0.33507738
1.0,0,0.26740128
0.0,0,0.49977016
1.0,1,0.74129164
0.0,0,0.41060352
0.0,0,0.3360141
0.0,0,0.12154475
1.0,1,0.7294212
1.0,0,0.22052994
1.0,1,0.76918423
1.0,0,0.4793688
0.0,0,0.41401997
1.0,0,0.35580674
0.0,0,0.31842202
1.0,1,0.86280286
1.0,1,0.5963696
0.0,0,0.14813977
1.0,1,0.93244445
1.0,1,0.8017397
0.0,0,0.4294878
0.0,0,0.13981278
0.0,0,0.15885101
1.0,1,0.7855632
1.0,1,0.8196838
0.0,0,0.2639917
0.0,0,0.13902526
0.0,0,0.39699298
1.0,0,0.47626582
0.0,0,0.4179273
1.0,1,0.756667
0.0,0,0.28511655
1.0,1,0.8181884
0.0,0,0.13283855
0.0,1,0.5593627
1.0,1,0.8207484
0.0,0,0.20103137
0.0,1,0.55136
1.0,1,0.8029523
1.0,1,0.59873545
1.0,1,0.86008626
0.0,1,0.67184585
1.0,1,0.8757318
1.0,1,0.66381294
0.0,1,0.6564073
0.0,0,0.18968517
0.0,0,0.37550774
1.0,0,0.24412638
1.0,0,0.21632035
1.0,1,0.7981634
1.0,1,0.83084506
0.0,0,0.21930282
1.0,1,0.84814024
1.0,1,0.95394176
1.0,1,0.7651089
0.0,1,0.5438839
0.0,0,0.40185478
0.0,0,0.20536259
0.0,0,0.1491992
1.0,0,0.43610644
1.0,1,0.7323734
1.0,1,0.8031928
1.0,0,0.27139667
0.0,0,0.23221746
1.0,0,0.22812895
0.0,1,0.5021528
1.0,0,0.23334378
1.0,1,0.93081033
0.0,0,0.44257522
1.0,1,0.7610889
0.0,0,0.43210244
1.0,0,0.21152546
0.0,1,0.82626426
0.0,0,0.26457003
0.0,0,0.2238487
0.0,0,0.20051752
0.0,0,0.3203526
0.0,1,0.7383941
1.0,1,0.91975164
0.0,0,0.17390119
1.0,0,0.2608256
1.0,1,0.789489
1.0,1,0.7549097
0.0,1,0.5318351
0.0,0,0.18208335
0.0,1,0.74587405
1.0,0,0.27603948
1.0,1,0.5850733
0.0,1,0.5080088
0.0,0,0.28357872
0.0,0,0.1765621
1.0,0,0.31638804
0.0,0,0.32977083
1.0,0,0.27762982
1.0,1,0.581492
1.0,1,0.6598589
0.0,0,0.19599238
0.0,0,0.2475811
0.0,0,0.2043049
0.0,0,0.49960175
1.0,1,0.77218395
1.0,1,0.599586
1.0,0,0.20834194
0.0,0,0.43396088
1.0,1,0.79773265
1.0,1,0.8184048
1.0,1,0.8979684
1.0,1,0.5288781
0.0,0,0.18852212
0.0,0,0.2250193
0.0,0,0.47583264
1.0,1,0.89273626
1.0,1,0.5311169
0.0,0,0.24186523
0.0,0,0.25356573
1.0,0,0.18112789
0.0,0,0.35531473
0.0,0,0.4470303
1.0,1,0.8217622
1.0,1,0.8343794
1.0,1,0.836489
0.0,0,0.16654438
1.0,1,0.6408106
1.0,1,0.5417189
0.0,0,0.29641047
1.0,1,0.90145457
0.0,1,0.5319449
1.0,0,0.35695717
1.0,0,0.48762733
0.0,0,0.30328673
0.0,0,0.4239292
0.0,0,0.40008608
1.0,1,0.5652902
1.0,0,0.09785267
0.0,0,0.18928401
0.0,0,0.3774611
0.0,0,0.39332557
0.0,0,0.40595835
1.0,0,0.2836673
1.0,0,0.44572297
1.0,1,0.9219663
0.0,0,0.31861103
1.0,1,0.83805233
0.0,0,0.2825315
0.0,0,0.4904046
0.0,0,0.30078575
1.0,1,0.81932056
1.0,0,0.440281
1.0,1,0.8573838
1.0,1,0.8617621
1.0,0,0.43269303
0.0,0,0.33615953
0.0,0,0.3236423
1.0,1,0.87561977
0.0,0,0.4544076
0.0,0,0.32713798
0.0,1,0.5724188
0.0,0,0.12458271
1.0,1,0.90496534
1.0,0,0.2336204
1.0,1,0.8815205
1.0,1,0.9139312
1.0,1,0.6460061
0.0,0,0.47102773
1.0,1,0.6499525
0.0,0,0.31571415
0.0,0,0.2805395
0.0,0,0.44331834
0.0,0,0.25138435
1.0,1,0.9105984
0.0,1,0.7502314
0.0,1,0.6261416
0.0,1,0.7781374
1.0,0,0.15799622
1.0,1,0.8368001
0.0,0,0.16621658
0.0,0,0.21916026
1.0,1,0.89628726
0.0,1,0.5498035
0.0,0,0.4446182
1.0,1,0.56470335
0.0,0,0.20054226
0.0,1,0.6935991
0.0,0,0.30045518
0.0,0,0.417866
1.0,1,0.7996082
0.0,1,0.7039567
0.0,0,0.36215565
1.0,1,0.9237131
1.0,1,0.8861903
1.0,0,0.24841215
1.0,0,0.4531253
1.0,0,0.37828517
1.0,1,0.65101326
0.0,0,0.42001587
1.0,0,0.35620022
0.0,0,0.2870419
1.0,0,0.32135493
0.0,0,0.2943701
0.0,0,0.23119459
0.0,0,0.2148488
1.0,0,0.29086748
0.0,0,0.10649102
0.0,0,0.21100613
1.0,1,0.5005151
0.0,0,0.30686322
1.0,0,0.34830984
1.0,1,0.54819965
0.0,0,0.40078217
1.0,1,0.7379553
0.0,0,0.4782273
1.0,0,0.4182969
0.0,0,0.16648059
1.0,1,0.861185
0.0,0,0.20713566
0.0,0,0.4267949
1.0,1,0.5821358
1.0,1,0.76585084
1.0,1,0.67917365
1.0,1,0.7173925
1.0,1,0.6741767
0.0,1,0.54507
0.0,0,0.12593186
0.0,0,0.372054
1.0,1,0.5133619
0.0,0,0.16777168
0.0,0,0.17613319
0.0,0,0.17179711
0.0,1,0.7484588
1.0,0,0.29069105
0.0,0,0.36426532
0.0,0,0.19409123
0.0,0,0.35032338
0.0,0,0.3603203
0.0,0,0.32167938
1.0,1,0.7991017
1.0,1,0.57419354
1.0,0,0.34694535
1.0,1,0.9331248
0.0,1,0.8240263
0.0,0,0.260092
1.0,0,0.1866723
0.0,0,0.22348419
1.0,1,0.6385732
0.0,1,0.877377
0.0,1,0.5071023
1.0,1,0.55630267
1.0,1,0.872648
0.0,0,0.19459654
1.0,1,0.7068311
0.0,0,0.14463013
1.0,1,0.8430139
0.0,0,0.15527265
1.0,0,0.16818851
0.0,0,0.2239711
0.0,0,0.21654436
1.0,0,0.23804928
0.0,1,0.86569476
0.0,0,0.47832945
1.0,1,0.826496
0.0,1,0.6842247
0.0,0,0.45314863
1.0,1,0.9007845
0.0,0,0.08676129
0.0,0,0.21050954
0.0,0,0.30648327
1.0,0,0.29150584
0.0,0,0.29202497
1.0,1,0.7487133
0.0,0,0.27836606
1.0,0,0.26115328
0.0,0,0.1230828
1.0,0,0.32941946
0.0,0,0.2309016
0.0,0,0.17451675
1.0,0,0.35396308
1.0,1,0.95033693
0.0,0,0.35368127
0.0,1,0.5996616
1.0,0,0.16070868
1.0,0,0.22169183
0.0,0,0.19014215
1.0,1,0.5367232
1.0,1,0.8497966
0.0,0,0.13616997
0.0,1,0.9210084
1.0,0,0.40497404
0.0,0,0.18772268
0.0,1,0.66660446
1.0,1,0.8706337
1.0,0,0.2864126
1.0,0,0.33144388
1.0,1,0.8161752
1.0,1,0.74101067
1.0,0,0.21721944
1.0,1,0.8185517
0.0,0,0.1709048
1.0,0,0.1396071
1.0,0,0.292634
1.0,1,0.5609783
0.0,1,0.6383162
1.0,1,0.72552925
1.0,0,0.4519616
0.0,0,0.3935618
1.0,1,0.8267888
1.0,1,0.7849582
0.0,0,0.13370687
1.0,0,0.27987415
1.0,1,0.8876341
0.0,1,0.7700759
0.0,1,0.57553846
0.0,0,0.16372833
0.0,0,0.12478567
0.0,0,0.43313292
0.0,0,0.17244817
0.0,0,0.24138328
0.0,0,0.28180623
0.0,0,0.22947298
0.0,0,0.17374437
1.0,1,0.67673165
1.0,1,0.87759763
0.0,0,0.24633913
0.0,0,0.17490692
0.0,0,0.23352405
0.0,1,0.5231618
0.0,1,0.56554335
1.0,1,0.5677617
0.0,0,0.39668617
0.0,0,0.12809007
0.0,1,0.5678249
1.0,0,0.3186362
0.0,0,0.23553565
1.0,0,0.38140196
0.0,0,0.20231126
0.0,1,0.53932047
1.0,1,0.82505655
0.0,1,0.5861721
0.0,0,0.20054531
0.0,0,0.4573843
0.0,0,0.47092703
0.0,1,0.5911409
0.0,0,0.1923123
0.0,1,0.7055598
0.0,0,0.14459994
1.0,0,0.21691912
1.0,0,0.48678726
0.0,0,0.290378
0.0,1,0.5895634
0.0,1,0.5498138
1.0,0,0.43834838
0.0,1,0.64126134
1.0,1,0.5091342
0.0,0,0.4046183
0.0,0,0.21387367
0.0,1,0.5507502
0.0,0,0.17596069
0.0,0,0.23115507
1.0,1,0.9451407
1.0,1,0.94043547
0.0,1,0.58665055
0.0,1,0.55436933
0.0,0,0.068709776
1.0,1,0.78302544
1.0,1,0.90134174
1.0,1,0.93572164
0.0,0,0.25281647
0.0,1,0.7579513
0.0,0,0.3376847
1.0,0,0.45741004
0.0,0,0.37287474
1.0,0,0.2542692
0.0,0,0.15393505
0.0,1,0.7141357
0.0,1,0.5300743
0.0,0,0.26090756
0.0,0,0.35968247
0.0,0,0.21112305
1.0,0,0.4168955
1.0,1,0.7701222
0.0,0,0.13314407
0.0,0,0.1736699
1.0,0,0.3913092
0.0,0,0.19545664
1.0,1,0.5609357
0.0,1,0.7682954
1.0,1,0.933133
1.0,0,0.43947613
1.0,1,0.6297292
0.0,0,0.23282944
1.0,1,0.5522409
0.0,0,0.3574307
1.0,0,0.2917637
0.0,1,0.5957099
1.0,1,0.89016294
1.0,0,0.2200023
0.0,1,0.63230145
0.0,0,0.1651486
1.0,0,0.415269
1.0,1,0.932547
0.0,0,0.41432458
0.0,1,0.71690995
1.0,1,0.5351934
0.0,0,0.48455083
0.0,1,0.6585852
0.0,0,0.20633303
1.0,1,0.6571657
1.0,1,0.75068986
1.0,1,0.7481389
0.0,0,0.3917969
0.0,0,0.30592927
1.0,1,0.50656444
0.0,0,0.19792487
1.0,1,0.7031611
0.0,0,0.26493877
0.0,0,0.35221526
0.0,0,0.14583346
0.0,0,0.36928633
1.0,0,0.41608804
1.0,1,0.71298665
1.0,1,0.8511627
0.0,0,0.25057235
0.0,0,0.06973356
1.0,1,0.73842573
0.0,0,0.2764043
0.0,0,0.29781482
1.0,1,0.80245703
0.0,0,0.15865417
1.0,1,0.7745974
1.0,1,0.88643205
1.0,1,0.8474601
1.0,0,0.48797408
0.0,0,0.16434878
1.0,1,0.83991146
0.0,0,0.25730073
0.0,0,0.11950028
1.0,1,0.72090566
1.0,1,0.634275
0.0,0,0.22402354
0.0,0,0.19606069
0.0,1,0.64527655
1.0,1,0.73292756
0.0,1,0.65184754
1.0,1,0.7006155
0.0,0,0.19854884
1.0,1,0.54953337
0.0,1,0.89883876
1.0,1,0.7528492
0.0,1,0.56336147
1.0,1,0.91733307
0.0,0,0.22785206
0.0,0,0.18068951
0.0,0,0.45890576
1.0,1,0.8887697
1.0,1,0.6476764
1.0,1,0.81430304
0.0,0,0.25612083
0.0,1,0.7566624
0.0,0,0.10992262
1.0,1,0.8402673
1.0,0,0.37099886
1.0,1,0.67802227
1.0,1,0.78085995
0.0,0,0.2881948
1.0,1,0.8311185
0.0,0,0.365947
0.0,0,0.31523162
0.0,1,0.5740182
1.0,1,0.6848033
1.0,0,0.35414994
0.0,0,0.22376959
1.0,0,0.38163325
0.0,1,0.69697285
1.0,0,0.4606488
0.0,0,0.3432217
0.0,1,0.941665
0.0,0,0.30900648
1.0,1,0.52860105
0.0,1,0.53302115
0.0,0,0.18422447
0.0,0,0.2504846
0.0,0,0.20046183
1.0,0,0.37012014
1.0,1,0.92738485
1.0,1,0.69232553
0.0,0,0.28068143
0.0,1,0.5394509
1.0,1,0.72760785
0.0,0,0.30971044
0.0,0,0.3509417
0.0,0,0.3297896
0.0,0,0.33124748
1.0,0,0.24230887
1.0,1,0.7706805
0.0,1,0.8470677
1.0,1,0.8191539
1.0,0,0.26859134
1.0,1,0.64490896
0.0,1,0.58014405
1.0,1,0.86336154
0.0,0,0.27343652
1.0,1,0.65361273
1.0,1,0.6980466
0.0,0,0.28152907
0.0,0,0.4797754
0.0,0,0.23134351
1.0,0,0.3345543
0.0,0,0.28620768
0.0,0,0.29429504
1.0,1,0.8300187
1.0,0,0.48811626
0.0,0,0.39461726
0.0,0,0.17202404
0.0,0,0.18472219
0.0,0,0.11709797
0.0,0,0.47616056
1.0,1,0.8844506
1.0,0,0.43757766
1.0,1,0.82984567
0.0,0,0.1850252
1.0,1,0.76714104
0.0,0,0.32771608
0.0,0,0.25942272
0.0,1,0.8919467
1.0,1,0.8789609
1.0,1,0.78270984
1.0,1,0.5511276
1.0,1,0.8776254
1.0,1,0.84047836
0.0,0,0.4561998
1.0,0,0.32562026
1.0,1,0.6838199
1.0,1,0.6579592
1.0,1,0.7023903
0.0,0,0.44479227
0.0,0,0.19311258
1.0,1,0.96577114
1.0,0,0.30941492
0.0,1,0.80707467
0.0,0,0.12827517
1.0,1,0.6106302
0.0,0,0.15324484
1.0,1,0.8047564
1.0,1,0.9271064
1.0,1,0.54641336
0.0,1,0.50390726
0.0,0,0.28968143
0.0,0,0.1887182
0.0,0,0.23306164
0.0,0,0.09844344
0.0,1,0.7918711
1.0,0,0.3683589
0.0,1,0.5185508
0.0,0,0.2573546
0.0,0,0.28622627
0.0,0,0.20886199
1.0,1,0.5200668
0.0,0,0.36302534
1.0,0,0.41359475
0.0,1,0.59531105
1.0,1,0.71479744
1.0,0,0.2442239
0.0,0,0.2571119
1.0,1,0.8703061
1.0,1,0.7673366
1.0,1,0.72764456
1.0,0,0.28456
0.0,1,0.68234366
0.0,0,0.33826065
1.0,1,0.84365594
1.0,1,0.546114
0.0,0,0.24242203
0.0,0,0.25354293
0.0,0,0.4019558
0.0,0,0.42035726
0.0,0,0.23002437
1.0,0,0.14574659
1.0,1,0.6900143
1.0,1,0.64042765
0.0,0,0.1498653
1.0,0,0.19732782
1.0,1,0.77277905
0.0,0,0.28249815
1.0,1,0.8150044
0.0,0,0.32936987
1.0,0,0.47305688
1.0,1,0.82008344
1.0,0,0.41747504
0.0,0,0.26274577
0.0,1,0.5263893
1.0,1,0.68286103
1.0,1,0.70747834
1.0,1,0.94343764
0.0,0,0.31975985
0.0,0,0.26181287
0.0,0,0.14568093
1.0,1,0.5929222
1.0,1,0.8498629
0.0,0,0.4831867
0.0,1,0.6231165
0.0,0,0.3500525
0.0,0,0.3067864
0.0,1,0.61359435
1.0,1,0.8467105
1.0,1,0.7033231
1.0,1,0.93886566
1.0,0,0.4401941
1.0,0,0.40124077
1.0,1,0.87483716
0.0,0,0.3491857
0.0,1,0.8470015
1.0,1,0.5051443
0.0,0,0.14361283
0.0,1,0.870275
0.0,0,0.23000929
1.0,1,0.89296556
0.0,0,0.24752794
0.0,0,0.20580237
0.0,0,0.2740263
0.0,1,0.7923308
1.0,1,0.7283186
1.0,1,0.94454545
0.0,1,0.5601136
0.0,1,0.5033998
1.0,1,0.7708688
0.0,0,0.1202892
0.0,0,0.14069797
0.0,1,0.50015706
1.0,1,0.78478783
1.0,0,0.19558978
1.0,0,0.28966907
0.0,0,0.2601008
1.0,0,0.41541505
0.0,0,0.16439323
0.0,1,0.56856495
0.0,0,0.32176915
1.0,1,0.7825035
0.0,0,0.37541717
0.0,0,0.0970835
1.0,0,0.20242326
0.0,0,0.14809075
0.0,0,0.35290915
0.0,0,0.23721796
1.0,1,0.56705666
0.0,0,0.3253094
1.0,0,0.14737095
1.0,1,0.817961
1.0,1,0.8616079
0.0,0,0.09485605
0.0,0,0.27674827
1.0,1,0.72105956
1.0,1,0.8693122
1.0,1,0.58651227
1.0,1,0.87792706
1.0,1,0.6439778
0.0,0,0.116850376
1.0,0,0.43975726
0.0,0,0.2212453
0.0,0,0.33269584
1.0,1,0.53194785
1.0,1,0.7160677
0.0,0,0.32610977
1.0,1,0.7215807
0.0,0,0.135087
0.0,1,0.8089517
0.0,0,0.18025365
0.0,0,0.07450868
0.0,0,0.26860648
1.0,1,0.8077212
1.0,1,0.8268944
1.0,1,0.74361223
0.0,0,0.18391313
0.0,0,0.20830208
0.0,0,0.17625308
1.0,1,0.5934857
0.0,0,0.28259316
1.0,1,0.8975965
1.0,0,0.39766607
0.0,1,0.72098505
1.0,0,0.39356393
0.0,0,0.3487151
1.0,0,0.36639392
0.0,0,0.20584883
1.0,1,0.7066451
1.0,1,0.8482706
0.0,0,0.48055553
0.0,0,0.37690502
1.0,0,0.27792287
0.0,0,0.34013334
1.0,1,0.6550927
1.0,1,0.80165493
0.0,0,0.28183678
1.0,1,0.7433691
1.0,1,0.80583334
1.0,1,0.85626096
1.0,0,0.41049558
0.0,0,0.31960377
0.0,1,0.69478387
1.0,0,0.35594004
0.0,1,0.7680205
1.0,0,0.35737407
1.0,1,0.5743768
0.0,0,0.37216932
1.0,1,0.9069646
1.0,1,0.8610129
0.0,0,0.3305027
0.0,0,0.4577337
1.0,1,0.5790409
1.0,1,0.8645369
1.0,0,0.46548414
1.0,1,0.8861744
0.0,0,0.18389249
0.0,0,0.25637272
0.0,0,0.24367745
0.0,0,0.18369076
0.0,0,0.2601028
0.0,1,0.9216876
0.0,1,0.51378125
1.0,1,0.7825646
0.0,0,0.18454824
0.0,0,0.4952967
0.0,0,0.2834002
1.0,1,0.7324451
1.0,0,0.334963
0.0,0,0.12370397
1.0,1,0.7095516
1.0,1,0.73226196
1.0,1,0.5311243
0.0,0,0.24435726
0.0,1,0.5490052
1.0,1,0.63198227
1.0,1,0.5164572
1.0,1,0.90328294
1.0,1,0.69878197
0.0,0,0.30789906
0.0,1,0.53159523
0.0,0,0.4965729
0.0,1,0.7018006
0.0,0,0.47712818
1.0,1,0.8817917
0.0,0,0.22192341
1.0,0,0.24389334
0.0,1,0.5007141
1.0,1,0.7435952
0.0,0,0.40500215
1.0,1,0.7965683
0.0,0,0.2318556
0.0,0,0.2902789
0.0,0,0.25027493
1.0,0,0.3711282
1.0,1,0.86379594
1.0,1,0.7566593
1.0,1,0.7898201
1.0,0,0.48562536
1.0,1,0.5296672
1.0,1,0.61840206
0.0,0,0.17149259
0.0,0,0.46722946
1.0,1,0.79628164
0.0,1,0.7949791
0.0,0,0.47665623
0.0,0,0.12989397
0.0,0,0.11383625
0.0,1,0.7654015
1.0,1,0.54387677
0.0,0,0.21948966
0.0,0,0.45182183
1.0,0,0.31603006
1.0,0,0.19516005
1.0,1,0.5458141
1.0,1,0.6957737
0.0,1,0.6091595
0.0,0,0.33500782
1.0,1,0.8617291
1.0,1,0.6525241
0.0,0,0.31444106
0.0,1,0.5761424
0.0,0,0.48121923
1.0,1,0.8302846
1.0,1,0.67133516
0.0,0,0.19122607
0.0,0,0.13295761
0.0,0,0.19069313
0.0,0,0.36762476
0.0,0,0.27114564
1.0,1,0.6622218
0.0,1,0.5309109
0.0,0,0.17770703
1.0,1,0.801476
0.0,0,0.20259844
1.0,1,0.72237295
0.0,0,0.17884162
0.0,1,0.69002414
0.0,0,0.2892403
0.0,1,0.789522
0.0,0,0.25711533
0.0,0,0.28123432
0.0,0,0.4388212
1.0,1,0.85899234
0.0,0,0.22928582
1.0,0,0.35202459
0.0,0,0.28137922
1.0,1,0.7897458
0.0,0,0.49001065
0.0,0,0.27912948
1.0,1,0.87419605
1.0,1,0.8672202
0.0,0,0.2001822
0.0,0,0.3516944
0.0,0,0.20402716
0.0,1,0.66691464
0.0,0,0.07440054
1.0,1,0.5969711
1.0,0,0.31313905
1.0,0,0.4732335
0.0,0,0.24268752
1.0,0,0.3654415
0.0,0,0.2194853
0.0,0,0.37138268
1.0,1,0.9177325
1.0,1,0.80254674
0.0,0,0.2435184
0.0,0,0.42553183
1.0,1,0.81001216
0.0,1,0.5180005
0.0,1,0.6688119
0.0,0,0.28460482
0.0,0,0.398391
1.0,0,0.44492647
0.0,0,0.24527198
1.0,1,0.79941845
1.0,1,0.71330875
0.0,0,0.20849682
0.0,0,0.17107843
1.0,0,0.2190308
1.0,1,0.73779535
0.0,0,0.20089939
0.0,0,0.41567963
0.0,1,0.7329669
0.0,1,0.81982285
0.0,1,0.8768477
1.0,1,0.92374164
0.0,0,0.25743556
0.0,0,0.42259973
0.0,1,0.550095
0.0,0,0.26031044
0.0,0,0.43103018
0.0,0,0.36380285
0.0,1,0.5642455
0.0,1,0.7069865
0.0,1,0.7942416
0.0,0,0.24670304
1.0,0,0.37365475
0.0,0,0.29947746
1.0,0,0.23916158
1.0,1,0.6383939
0.0,0,0.4790433
1.0,0,0.40533182
1.0,1,0.79847974
1.0,0,0.45842114
1.0,1,0.9566251
0.0,0,0.14642596
1.0,1,0.6820617
0.0,0,0.26496983
1.0,1,0.58285874
0.0,0,0.2325907
1.0,0,0.26263708
0.0,0,0.38674074
0.0,0,0.12195501
0.0,0,0.17900074
0.0,0,0.12473862
0.0,0,0.32144448
0.0,0,0.20660725
1.0,0,0.4249571
0.0,1,0.60642475
1.0,0,0.16191192
0.0,0,0.28297472
1.0,1,0.727513
0.0,0,0.22036459
1.0,0,0.38764971
0.0,0,0.10488765
1.0,1,0.8561747
0.0,1,0.60207826
0.0,0,0.16583754
1.0,0,0.21259914
0.0,0,0.19648138
0.0,0,0.20749755
1.0,1,0.79735905
1.0,1,0.57512367
1.0,1,0.84604603
1.0,1,0.60363436
0.0,0,0.1185167
1.0,1,0.5256795
1.0,1,0.907551
0.0,1,0.64327264
0.0,0,0.2642609
1.0,0,0.30459586
0.0,0,0.32667166
1.0,1,0.76469636
1.0,1,0.62875235
0.0,0,0.17547016
0.0,1,0.96202195
0.0,0,0.20514262
0.0,1,0.5309627
1.0,1,0.8999111
1.0,1,0.70398927
1.0,1,0.56150943
0.0,0,0.15167584
0.0,0,0.2905152
0.0,1,0.5551583
0.0,1,0.935747
0.0,0,0.385855
1.0,1,0.88120127
1.0,0,0.31425804
0.0,1,0.64029574
0.0,0,0.11900845
1.0,0,0.2153122
0.0,0,0.24055271
0.0,0,0.22935551
1.0,1,0.65994203
1.0,1,0.83845264
0.0,0,0.08135999
1.0,1,0.6967627
0.0,0,0.18001041
1.0,1,0.9263184
1.0,1,0.60989875
0.0,1,0.6824253
0.0,0,0.118485175
0.0,1,0.528348
0.0,0,0.22979994
0.0,1,0.6465323
1.0,1,0.8737988
1.0,1,0.811163
1.0,1,0.5598848
0.0,0,0.25187084
1.0,1,0.7276616
0.0,0,0.23641248
0.0,0,0.15301192
1.0,1,0.77854633
1.0,0,0.37341905
0.0,1,0.58743554
0.0,0,0.18867399
0.0,0,0.36656734
0.0,0,0.23054321
0.0,0,0.17249009
0.0,1,0.72217315
0.0,1,0.514125
1.0,0,0.47140497
1.0,1,0.8609356
0.0,1,0.60596013
1.0,1,0.51673734
0.0,0,0.19355369
1.0,1,0.8544512
1.0,0,0.4791889
0.0,0,0.30506316
1.0,1,0.9154453
1.0,0,0.4956994
0.0,0,0.36039096
0.0,0,0.35135466
1.0,0,0.3297934
1.0,1,0.5590362
0.0,1,0.5483676
0.0,1,0.7905495
0.0,0,0.080291845
0.0,1,0.58829284
1.0,1,0.706809
1.0,1,0.8312263
0.0,0,0.15727533
0.0,0,0.36451414
1.0,0,0.33077794
1.0,0,0.44891927
0.0,1,0.7256816
1.0,1,0.7395603
0.0,0,0.16143896
1.0,1,0.8499291
0.0,1,0.6296929
1.0,0,0.4583481
0.0,0,0.16145869
1.0,1,0.8404128
1.0,0,0.24337165
1.0,1,0.7504786
0.0,0,0.2653668
0.0,0,0.10573848
0.0,0,0.2552147
1.0,1,0.71246666
0.0,0,0.2917674
1.0,0,0.23613508
1.0,0,0.2723457
0.0,0,0.30884245
1.0,1,0.9488823
1.0,0,0.17383204
1.0,0,0.47845477
0.0,0,0.14874531
0.0,0,0.05416396
0.0,0,0.22195932
0.0,0,0.47781882
0.0,0,0.20321065
0.0,0,0.30873656
1.0,1,0.7375097
1.0,1,0.60913134
1.0,1,0.5939406
0.0,0,0.21170974
1.0,0,0.1617835
0.0,0,0.27552179
1.0,1,0.58657795
1.0,0,0.41797313
1.0,1,0.6785817
0.0,0,0.04541982
1.0,1,0.80752486
0.0,0,0.21788038
0.0,0,0.17703213
1.0,0,0.23118623
0.0,0,0.2912471
0.0,0,0.34818617
0.0,0,0.34913206
1.0,1,0.7453558
0.0,0,0.20393448
0.0,0,0.2586713
1.0,1,0.6560079
1.0,1,0.7638625
1.0,1,0.8540174
1.0,1,0.8645994
1.0,0,0.27201787
1.0,1,0.7890361
1.0,1,0.6003987
1.0,1,0.8910488
1.0,1,0.7894895
0.0,1,0.55683863
0.0,0,0.13295078
1.0,1,0.84378743
1.0,0,0.4737286
0.0,0,0.2435694
0.0,0,0.31691676
0.0,0,0.16790003
0.0,1,0.8970108
1.0,0,0.31451318
0.0,0,0.34968093
1.0,1,0.7479708
0.0,0,0.1908387
1.0,1,0.5494902
1.0,1,0.8003567
0.0,0,0.38823706
1.0,0,0.36995894
1.0,0,0.4603405
1.0,1,0.76414406
1.0,0,0.4974484
0.0,0,0.27042016
1.0,1,0.8390032
0.0,1,0.7129226
0.0,0,0.26458454
1.0,0,0.32109973
1.0,1,0.58325195
1.0,1,0.886897
1.0,1,0.52211297
0.0,0,0.123582065
0.0,0,0.2318232
1.0,0,0.42163768
0.0,1,0.8592793
0.0,1,0.8147992
0.0,0,0.21868688
0.0,1,0.80912685
0.0,0,0.23885183
1.0,1,0.6111069
0.0,0,0.48570555
0.0,0,0.43455347
1.0,0,0.15569706
1.0,1,0.7775375
1.0,1,0.55221033
0.0,0,0.22146872
0.0,0,0.49896088
1.0,1,0.75356793
1.0,1,0.5832412
1.0,1,0.70137733
0.0,0,0.20255695
0.0,1,0.7010899
1.0,1,0.8863132
1.0,1,0.81311256
1.0,1,0.6086027
1.0,0,0.21021576
1.0,1,0.7299615
1.0,1,0.76103544
0.0,0,0.27548617
0.0,1,0.6491601
1.0,1,0.72154266
0.0,0,0.15160616
0.0,1,0.5077121
0.0,0,0.33841798
0.0,0,0.22435077
0.0,1,0.762106
1.0,1,0.7975765
0.0,0,0.4768302
1.0,1,0.570477
1.0,1,0.7454827
1.0,1,0.8105222
1.0,0,0.27329686
0.0,0,0.18472688
1.0,0,0.16475205
1.0,0,0.44700012
1.0,0,0.23157132
1.0,1,0.891802
0.0,0,0.3934177
1.0,1,0.6882031
0.0,0,0.16614074
0.0,1,0.5911294
0.0,0,0.14225864
1.0,0,0.40349028
1.0,0,0.14835346
1.0,1,0.9153147
0.0,0,0.3783485
1.0,1,0.6665152
1.0,1,0.84759974
1.0,1,0.5924485
1.0,1,0.5114092
0.0,0,0.1919169
0.0,0,0.19571327
1.0,1,0.7568503
1.0,1,0.5859899
0.0,0,0.2847676
1.0,0,0.24840997
0.0,1,0.70645386
1.0,1,0.5711741
0.0,0,0.17555377
0.0,1,0.70385617
0.0,1,0.63599724
0.0,1,0.5683521
0.0,1,0.712023
1.0,1,0.78599155
0.0,1,0.5538305
1.0,0,0.46451223
1.0,0,0.32825443
0.0,0,0.4131898
0.0,0,0.4135042
0.0,0,0.26837707
1.0,1,0.77141124
1.0,0,0.353393
1.0,0,0.35389227
0.0,0,0.49403876
0.0,0,0.4074023
1.0,0,0.40712863
1.0,1,0.5380045
0.0,0,0.41331905
0.0,0,0.22295702
1.0,1,0.78058666
1.0,0,0.43488526
1.0,1,0.6833287
1.0,1,0.68551385
1.0,0,0.39449972
1.0,1,0.83897555
1.0,1,0.50202316
1.0,1,0.6906613
0.0,0,0.30182752
1.0,0,0.14079408
0.0,0,0.36023283
0.0,0,0.17847046
1.0,0,0.36408362
1.0,0,0.4857784
1.0,0,0.3671883
0.0,0,0.15212744
0.0,0,0.17853515
1.0,0,0.25441238
0.0,0,0.20803441
0.0,0,0.46242827
1.0,1,0.76721126
1.0,1,0.8496906
0.0,0,0.4159641
1.0,0,0.1656861
0.0,0,0.33689708
1.0,1,0.5452596
1.0,0,0.15724121
0.0,1,0.60104215
0.0,0,0.14691545
0.0,1,0.6505529
0.0,1,0.5090446
1.0,1,0.56524265
0.0,0,0.4968304
1.0,1,0.9124838
1.0,0,0.40584558
1.0,0,0.35931423
0.0,1,0.7979832
1.0,1,0.82525355
0.0,1,0.5081344
1.0,1,0.6549474
0.0,0,0.1376168
1.0,0,0.27674592
1.0,1,0.81010914
1.0,1,0.86614746
1.0,0,0.4864809
1.0,1,0.8543304
0.0,0,0.41030225
0.0,0,0.20158294
1.0,1,0.7959349
1.0,0,0.4039181
0.0,1,0.7084931
1.0,0,0.3790356
1.0,1,0.55590785
0.0,1,0.71352726
1.0,1,0.84717464
1.0,1,0.85959905
1.0,0,0.2238886
1.0,0,0.4411362
1.0,1,0.7802799
1.0,0,0.16673303
0.0,0,0.22575209
1.0,1,0.6919199
0.0,0,0.14584182
1.0,0,0.30190966
1.0,1,0.83520013
1.0,1,0.7629093
1.0,1,0.9169466
1.0,0,0.2721126
0.0,1,0.54935384
0.0,0,0.16572498
1.0,0,0.28702384
1.0,0,0.3157005
0.0,0,0.23518778
0.0,1,0.547886
0.0,0,0.24512409
0.0,1,0.76455146
0.0,0,0.20594452
1.0,1,0.83043784
0.0,0,0.17614032
1.0,0,0.38817155
1.0,1,0.6207761
1.0,1,0.7258901
0.0,0,0.42347616
1.0,1,0.6738117
1.0,0,0.32645825
0.0,1,0.56213546
0.0,0,0.24026845
0.0,0,0.495504
1.0,1,0.7117787
0.0,0,0.18356425
0.0,0,0.20400287
1.0,1,0.89151835
0.0,0,0.17091799
0.0,0,0.2772267
0.0,0,0.13744931
1.0,0,0.44857642
1.0,1,0.6198896
1.0,1,0.7645397
0.0,0,0.49446118
0.0,0,0.44851327
1.0,1,0.66617906
1.0,1,0.7327862
0.0,0,0.18723768
0.0,0,0.17578515
1.0,1,0.8496028
1.0,1,0.66138154
1.0,1,0.68756723
1.0,1,0.7447919
0.0,0,0.3136949
1.0,1,0.594449
0.0,0,0.101093866
0.0,1,0.8140151
0.0,0,0.44056606
0.0,0,0.4979448
0.0,1,0.669987
1.0,1,0.5362035
0.0,0,0.32485923
1.0,1,0.59345275
1.0,1,0.94645715
0.0,1,0.516822
0.0,1,0.5348848
1.0,1,0.74075955
0.0,0,0.2464888
0.0,0,0.26582593
0.0,1,0.57384133
1.0,0,0.41177985
0.0,0,0.2203576
0.0,0,0.27138102
1.0,1,0.869129
1.0,0,0.3076965
0.0,0,0.3181122
0.0,0,0.16903591
1.0,1,0.50738436
1.0,1,0.68352276
1.0,1,0.59910846
0.0,1,0.70003086
0.0,0,0.34541053
1.0,1,0.8460627
1.0,1,0.57030326
0.0,1,0.6084939
1.0,0,0.24194716
0.0,0,0.30683953
1.0,0,0.43427736
0.0,0,0.26082107
0.0,0,0.32257283
1.0,1,0.6857527
1.0,1,0.677089
1.0,0,0.4157316
0.0,0,0.38841054
1.0,0,0.27972728
1.0,0,0.17065735
0.0,0,0.2887357
1.0,0,0.12935182
0.0,0,0.22936238
1.0,1,0.8004662
1.0,0,0.48257738
1.0,1,0.76442826
0.0,0,0.3364169
1.0,1,0.7107069
1.0,0,0.49920785
0.0,0,0.47015858
0.0,0,0.13416858
1.0,0,0.4358137
1.0,0,0.4706499
0.0,0,0.19735117
0.0,0,0.1405347
1.0,0,0.43896568
1.0,1,0.91235816
1.0,1,0.5983905
0.0,1,0.90732324
1.0,1,0.87425286
1.0,1,0.6331337
1.0,0,0.35995018
0.0,0,0.20325457
1.0,1,0.5033248
1.0,1,0.53665286
1.0,1,0.70566463
1.0,1,0.63689315
1.0,1,0.8827531
0.0,1,0.50819767
1.0,1,0.59402776
1.0,0,0.20599076
1.0,1,0.94333345
1.0,1,0.540142
0.0,1,0.71255726
1.0,1,0.8831394
1.0,1,0.649163
0.0,0,0.38421068
0.0,0,0.16619578
0.0,1,0.77911246
1.0,1,0.8062431
0.0,0,0.065471075
0.0,0,0.27598262
0.0,1,0.70309716
0.0,0,0.24552399
1.0,1,0.7477959
0.0,1,0.6668144
1.0,1,0.8325257
1.0,0,0.3870684
1.0,0,0.29231632
1.0,1,0.7097338
0.0,0,0.24476567
0.0,0,0.4732978
0.0,0,0.24789031
0.0,1,0.88719034
1.0,1,0.5996054
1.0,1,0.88731176
0.0,0,0.22188717
0.0,0,0.3889346
0.0,0,0.33921835
1.0,0,0.48246083
0.0,0,0.14348452
0.0,0,0.40152124
1.0,1,0.83590835
0.0,0,0.17173252
0.0,1,0.7717643
1.0,1,0.8660713
1.0,1,0.6983057
1.0,1,0.914075
0.0,0,0.48205516
1.0,0,0.17622338
1.0,1,0.6069433
0.0,0,0.1594256
0.0,1,0.90539706
1.0,0,0.4101208
0.0,0,0.28457886
1.0,1,0.56053513
1.0,0,0.29527572
0.0,0,0.25696975
0.0,1,0.5994082
0.0,0,0.12655336
0.0,1,0.76376814
1.0,1,0.8427843
1.0,1,0.8509402
1.0,1,0.6786249
0.0,0,0.33308136
0.0,0,0.23248677
0.0,0,0.36445954
0.0,0,0.3577284
0.0,0,0.22832188
1.0,0,0.32815474
1.0,1,0.8556498
0.0,1,0.79705
0.0,0,0.17995344
1.0,1,0.6782225
1.0,1,0.7464585
0.0,1,0.9178051
1.0,1,0.8068547
0.0,0,0.18493696
1.0,0,0.14905602
0.0,0,0.24374846
1.0,1,0.6902728
0.0,0,0.47065932
1.0,1,0.8525332
0.0,0,0.16251211
1.0,1,0.74795383
1.0,0,0.31834558
1.0,1,0.6764959
0.0,0,0.14567867
0.0,1,0.7221652
0.0,0,0.31798795
0.0,0,0.33816272
1.0,1,0.7430846
1.0,1,0.8570351
1.0,1,0.95678854
1.0,0,0.32605332
0.0,0,0.18983085
1.0,1,0.880951
1.0,1,0.5903241
0.0,0,0.19533813
0.0,0,0.18205084
1.0,1,0.7980478
1.0,1,0.6571803
0.0,1,0.58324623
0.0,0,0.17965652
0.0,0,0.08657673
0.0,0,0.4014873
0.0,0,0.46773806
1.0,0,0.3466705
1.0,0,0.41911346
1.0,1,0.89804137
1.0,0,0.4064524
1.0,0,0.17628711
0.0,1,0.75072664
1.0,1,0.5513292
0.0,1,0.7797225
0.0,1,0.6081932
1.0,0,0.33479834
0.0,0,0.17245623
0.0,0,0.39259624
0.0,0,0.46069393
1.0,1,0.8774222
0.0,0,0.3241929
1.0,1,0.8296431
0.0,1,0.7602069
0.0,0,0.49791092
0.0,0,0.4809411
1.0,1,0.8543747
0.0,0,0.12394051
0.0,0,0.19481872
0.0,0,0.40882993
1.0,1,0.7653542
0.0,0,0.1423619
0.0,0,0.2927848
1.0,1,0.7724991
1.0,1,0.53344476
1.0,0,0.1870013
0.0,1,0.72551274
1.0,1,0.6423385
0.0,0,0.12024896
1.0,1,0.93545234
1.0,1,0.79718614
0.0,0,0.20693465
0.0,0,0.25323433
0.0,1,0.6009917
0.0,0,0.27519405
0.0,1,0.64141935
0.0,0,0.24513611
1.0,1,0.76719534
1.0,1,0.6390187
1.0,1,0.52512234
0.0,0,0.21095692
0.0,0,0.30255914
0.0,0,0.13844265
0.0,1,0.55166215
1.0,1,0.8202102
1.0,1,0.8153894
0.0,0,0.15285748
1.0,1,0.8951733
1.0,1,0.5104488
0.0,0,0.25878608
0.0,0,0.303568
1.0,1,0.9151232
1.0,1,0.7197158
1.0,1,0.89254457
1.0,1,0.79234034
1.0,1,0.7442387
1.0,0,0.36180323
1.0,0,0.16539496
1.0,0,0.35080266
1.0,1,0.6389839
1.0,0,0.40178743
0.0,0,0.11105949
0.0,0,0.34599712
0.0,0,0.29605103
1.0,0,0.3566693
0.0,0,0.49155664
0.0,0,0.18137604
0.0,0,0.17112498
0.0,0,0.14903267
0.0,0,0.32244548
0.0,0,0.10479835
0.0,0,0.21678849
1.0,0,0.20800047
0.0,1,0.5163294
1.0,1,0.5897796
0.0,1,0.7852517
0.0,0,0.26617172
1.0,0,0.22675745
1.0,0,0.31507874
0.0,0,0.0962692
1.0,1,0.77299947
1.0,1,0.721815
1.0,1,0.5424945
1.0,1,0.9027086
1.0,1,0.7660731
0.0,0,0.34648207
1.0,1,0.68611854
0.0,1,0.77762157
1.0,1,0.67178845
0.0,0,0.493443
0.0,0,0.3806364
0.0,0,0.090724036
1.0,1,0.7447775
0.0,0,0.1327383
1.0,1,0.94310737
0.0,0,0.30440784
0.0,0,0.18318877
1.0,1,0.9338756
1.0,1,0.917027
1.0,1,0.8186908
0.0,0,0.24648264
1.0,1,0.56018996
1.0,1,0.88658977
1.0,1,0.727244
1.0,1,0.51850086
1.0,0,0.30238956
0.0,0,0.26167148
1.0,1,0.8893203
1.0,1,0.7428448
1.0,1,0.67739695
0.0,0,0.27040902
1.0,1,0.72177094
1.0,1,0.73409057
1.0,0,0.33536354
0.0,0,0.330046
0.0,0,0.124616385
0.0,0,0.3717357
1.0,1,0.5495842
0.0,1,0.5844016
0.0,0,0.206401
0.0,0,0.17789985
1.0,0,0.09041941
0.0,0,0.21621314
1.0,1,0.53956187
0.0,1,0.7828903
1.0,0,0.37676337
0.0,0,0.29716626
0.0,0,0.1885722
1.0,1,0.63378555
1.0,0,0.28315884
0.0,0,0.22259898
1.0,1,0.5525173
0.0,0,0.47604564
1.0,1,0.8791164
0.0,0,0.3083069
0.0,0,0.12529062
0.0,1,0.888578
1.0,1,0.58982253
1.0,1,0.68238145
1.0,1,0.8376034
0.0,0,0.44035566
0.0,0,0.3010867
1.0,1,0.61421955
1.0,1,0.51941746
1.0,1,0.62591326
1.0,1,0.56267273
1.0,1,0.5287148
1.0,0,0.3328977
1.0,1,0.6216475
1.0,1,0.9146941
1.0,0,0.24467586
1.0,0,0.17341357
0.0,0,0.12972343
0.0,0,0.16055468
1.0,1,0.93197405
0.0,0,0.3204381
0.0,1,0.8854038
0.0,0,0.31261703
1.0,1,0.7154162
0.0,0,0.21560137
0.0,0,0.35794753
1.0,1,0.88073665
1.0,0,0.49128413
1.0,0,0.23699246
0.0,0,0.44781822
1.0,1,0.57322884
0.0,0,0.15462679
0.0,1,0.74302
1.0,0,0.26560184
0.0,1,0.8947687
0.0,0,0.25252652
1.0,0,0.3953431
0.0,0,0.1959095
1.0,1,0.5398659
0.0,0,0.20120148
1.0,0,0.4456258
1.0,1,0.89326817
0.0,1,0.649274
0.0,1,0.71798736
1.0,1,0.925987
1.0,1,0.8171875
1.0,1,0.8254044
1.0,0,0.19025265
1.0,0,0.3121096
1.0,1,0.5814427
0.0,0,0.11023219
0.0,0,0.39838973
0.0,1,0.59695685
1.0,0,0.15114221
0.0,1,0.73502785
0.0,1,0.8733462
0.0,1,0.60617906
0.0,0,0.3939
0.0,0,0.13773954
0.0,1,0.5596191
1.0,1,0.87019014
0.0,0,0.41811526
1.0,1,0.8600285
0.0,1,0.8208083
1.0,1,0.50771356
0.0,1,0.5431004
0.0,0,0.41701883
1.0,1,0.84223175
0.0,1,0.8577277
1.0,1,0.8538802
0.0,1,0.54141974
1.0,0,0.44272006
1.0,0,0.3647934
0.0,0,0.13590157
1.0,0,0.4774015
0.0,1,0.71529937
0.0,0,0.19905588
0.0,0,0.2098372
0.0,0,0.24676992
1.0,1,0.77820116
1.0,1,0.6384014
1.0,0,0.46343827
0.0,0,0.38498673
0.0,0,0.2881808
1.0,1,0.92295086
0.0,0,0.26215637
0.0,0,0.12837039
1.0,0,0.13586275
0.0,0,0.09284563
1.0,1,0.9237484
0.0,0,0.4805328
0.0,1,0.57633084
0.0,0,0.22155543
1.0,1,0.65216655
1.0,0,0.46779263
0.0,0,0.18379974
0.0,1,0.7565771
0.0,0,0.4606843
1.0,1,0.8496844
0.0,0,0.27029327
0.0,0,0.20367877
1.0,1,0.5946032
1.0,1,0.9191759
1.0,1,0.6825216
1.0,0,0.3233458
0.0,0,0.17306857
1.0,0,0.23759758
0.0,0,0.38140827
0.0,0,0.48845688
0.0,0,0.24008736
0.0,0,0.4049867
0.0,0,0.2712135
0.0,0,0.15811934
1.0,0,0.14660364
0.0,0,0.36063397
1.0,1,0.8269802
1.0,0,0.44178206
1.0,0,0.20558684
1.0,1,0.6777552
0.0,0,0.21323292
0.0,0,0.19870618
1.0,1,0.52964836
1.0,1,0.74025154
0.0,0,0.4834751
0.0,0,0.25280955
0.0,1,0.7796914
1.0,1,0.8617375
0.0,0,0.26283932
1.0,1,0.70990634
1.0,0,0.24237813
1.0,0,0.35132563
1.0,0,0.17216629
0.0,1,0.70144147
1.0,1,0.85759485
0.0,0,0.18426669
1.0,1,0.5487186
1.0,1,0.64517534
0.0,0,0.3279797
1.0,0,0.21865618
1.0,1,0.83945507
0.0,0,0.43947613
0.0,0,0.18165424
0.0,0,0.36603403
1.0,1,0.7744582
0.0,1,0.669244
0.0,0,0.45627478
0.0,0,0.19074923
0.0,0,0.23543197
0.0,0,0.15416177
0.0,1,0.72076863
0.0,1,0.8344904
1.0,0,0.21182524
0.0,1,0.6358802
0.0,0,0.23980585
0.0,0,0.190388
1.0,1,0.9098242
0.0,0,0.25992355
1.0,1,0.7198663
1.0,0,0.22132586
0.0,0,0.28321964
0.0,0,0.28064024
1.0,1,0.90406847
1.0,1,0.7518362
1.0,1,0.6007713
1.0,1,0.7472978
0.0,0,0.1726028
1.0,1,0.6983283
0.0,0,0.40534565
1.0,0,0.34955847
0.0,1,0.5581368
0.0,1,0.62560886
1.0,0,0.20962556
0.0,1,0.5337959
1.0,1,0.73535204
0.0,0,0.18118112
0.0,0,0.31361845
1.0,0,0.4266416
0.0,0,0.26800358
0.0,0,0.12226464
1.0,1,0.9344105
0.0,0,0.23613763
0.0,0,0.33615643
0.0,0,0.38714993
0.0,0,0.16568975
0.0,1,0.66653967
1.0,0,0.45640218
0.0,0,0.49252865
1.0,0,0.25905368
0.0,1,0.65437436
0.0,0,0.11617103
0.0,0,0.16634004
0.0,0,0.17939194
0.0,0,0.42937815
1.0,1,0.7070424
1.0,1,0.76590705
0.0,0,0.29245603
1.0,1,0.8868822
1.0,1,0.8104758
0.0,0,0.23257427
0.0,1,0.73070735
1.0,1,0.7435684
1.0,1,0.55770123
0.0,0,0.21732204
1.0,1,0.9533312
1.0,1,0.78766465
0.0,1,0.5347617
0.0,0,0.13893417
0.0,1,0.54764193
0.0,0,0.35038307
1.0,1,0.81612915
0.0,1,0.5510416
0.0,0,0.22059935
1.0,1,0.6172415
1.0,1,0.89932376
0.0,0,0.22968754
1.0,1,0.77273667
1.0,1,0.74985826
0.0,0,0.10384495
0.0,0,0.4854184
1.0,1,0.59563786
1.0,0,0.36955017
0.0,1,0.7321319
0.0,1,0.8164241
1.0,1,0.53905714
0.0,0,0.11066663
1.0,0,0.37387964
1.0,1,0.9217021
1.0,1,0.6365898
1.0,1,0.86592567
0.0,0,0.18835732
1.0,0,0.3529469
1.0,1,0.8882201
1.0,1,0.80258095
1.0,1,0.7962992
1.0,1,0.81202793
1.0,1,0.7092804
1.0,1,0.50187796
1.0,1,0.8637671
0.0,0,0.47318175
0.0,0,0.079061255
0.0,1,0.7864139
1.0,1,0.9173136
0.0,1,0.71943957
0.0,0,0.13269621
0.0,1,0.63533646
0.0,0,0.39499572
0.0,0,0.19412743
1.0,1,0.7731158
1.0,1,0.5048002
0.0,1,0.51512176
1.0,0,0.39188224
1.0,1,0.7851924
0.0,0,0.1590775
0.0,0,0.10744882
1.0,1,0.66112053
1.0,0,0.40319076
1.0,0,0.48585066
1.0,1,0.82939297
0.0,0,0.4615441
1.0,0,0.46094838
0.0,0,0.32860723
0.0,0,0.32451123
0.0,0,0.21823108
0.0,1,0.52183175
0.0,1,0.5571636
0.0,1,0.9308364
1.0,1,0.7063903
0.0,1,0.5830828
0.0,0,0.17278157
1.0,1,0.8125131
1.0,1,0.85516065
1.0,0,0.27250543
1.0,1,0.74523175
0.0,0,0.39946803
1.0,1,0.86752576
0.0,0,0.105823055
0.0,0,0.21317269
0.0,0,0.14749722
1.0,0,0.31883806
1.0,1,0.6395694
0.0,0,0.4942291
0.0,1,0.6091886
1.0,1,0.5923998
0.0,0,0.13772637
0.0,0,0.46884418
1.0,1,0.9182053
0.0,1,0.5557402
1.0,1,0.9149303
1.0,1,0.8071262
0.0,1,0.84204143
1.0,1,0.9411637
1.0,0,0.22446348
0.0,0,0.16437227
1.0,0,0.20418344
1.0,1,0.880568
0.0,0,0.34286615
0.0,0,0.12658109
0.0,0,0.33235282
1.0,1,0.5871275
0.0,0,0.32707137
1.0,1,0.6002211
1.0,1,0.5332661
1.0,0,0.40464085
0.0,0,0.33755654
0.0,0,0.3923297
0.0,0,0.34528744
0.0,0,0.4808257
1.0,1,0.7606997
0.0,0,0.47821444
1.0,1,0.9558922
1.0,0,0.22386026
0.0,1,0.88376683
1.0,0,0.26824105
0.0,0,0.36054465
1.0,1,0.5906898
0.0,1,0.87856627
1.0,0,0.31874925
1.0,1,0.90619254
1.0,1,0.6001
1.0,1,0.9085525
1.0,1,0.72061485
1.0,1,0.7368481
0.0,1,0.52347916
0.0,0,0.4525161
1.0,1,0.76637363
1.0,1,0.76649004
1.0,1,0.88227546
1.0,1,0.6641085
1.0,1,0.5992903
1.0,1,0.6299148
1.0,0,0.2933347
1.0,1,0.7827813
1.0,1,0.7726331
0.0,0,0.21973415
0.0,0,0.12257097
1.0,1,0.6664226
0.0,1,0.6491074
1.0,1,0.83841646
1.0,1,0.7460338
0.0,0,0.1412129
0.0,0,0.2603194
0.0,0,0.27726597
1.0,1,0.76474226
1.0,1,0.8520271
1.0,1,0.53005505
1.0,1,0.6968604
0.0,0,0.28302032
1.0,1,0.8187292
0.0,0,0.46937105
1.0,1,0.884145
1.0,0,0.49546015
1.0,1,0.8604728
0.0,0,0.15962139
1.0,1,0.9459999
0.0,0,0.3347178
0.0,0,0.28577664
1.0,1,0.6325839
0.0,1,0.53156865
0.0,1,0.6114243
1.0,1,0.74176204
0.0,0,0.2662475
1.0,1,0.74329895
1.0,1,0.5179834
0.0,0,0.23390064
1.0,1,0.6471867
1.0,1,0.8034485
1.0,1,0.8174017
1.0,1,0.8897512
0.0,1,0.9260005
0.0,0,0.45875135
1.0,1,0.84656626
0.0,0,0.2233875
1.0,1,0.8349504
0.0,0,0.17434072
0.0,0,0.2611596
0.0,0,0.29422417
1.0,0,0.43545005
1.0,1,0.63117754
1.0,1,0.7446493
0.0,0,0.22874495
0.0,0,0.2890645
0.0,0,0.34356496
0.0,0,0.4240479
1.0,1,0.682432
0.0,0,0.2283712
1.0,0,0.33556443
1.0,1,0.8855464
1.0,1,0.9501315
0.0,0,0.17225218
1.0,0,0.35352564
0.0,0,0.48372388
1.0,1,0.63594586
1.0,1,0.73785025
0.0,0,0.34332675
0.0,0,0.23709278
0.0,0,0.40145653
0.0,0,0.29508924
1.0,1,0.9325778
1.0,1,0.9354212
1.0,1,0.7468582
0.0,0,0.39225388
1.0,0,0.2644515
1.0,1,0.6189223
0.0,0,0.31330913
1.0,1,0.63009423
1.0,1,0.8385939
1.0,0,0.33437327
1.0,1,0.80343205
1.0,1,0.86422503
1.0,0,0.4122512
0.0,1,0.62601596
1.0,1,0.762902
0.0,0,0.19615702
0.0,0,0.38071096
0.0,0,0.1315707
1.0,1,0.69553876
1.0,0,0.22230957
0.0,1,0.6402641
1.0,1,0.54028404
1.0,0,0.4511687
1.0,1,0.62539387
1.0,1,0.86804825
1.0,1,0.5749854
0.0,1,0.76048845
1.0,1,0.6156438
1.0,1,0.674428
1.0,1,0.6529461
1.0,1,0.94120055
1.0,1,0.70882636
1.0,1,0.78958225
0.0,1,0.5091177
0.0,0,0.19988461
1.0,0,0.17500903
0.0,0,0.24261141
1.0,0,0.24443972
0.0,0,0.45574984
1.0,1,0.7873257
1.0,1,0.94097716
0.0,0,0.21361102
0.0,0,0.34288356
1.0,1,0.66880053
1.0,0,0.44356072
0.0,1,0.88970304
1.0,1,0.8770099
1.0,1,0.960241
1.0,1,0.7337384
1.0,0,0.25040358
1.0,0,0.42555612
0.0,0,0.41929153
0.0,0,0.35695833
0.0,0,0.2716032
1.0,1,0.8216207
1.0,1,0.5978058
1.0,0,0.27661982
0.0,0,0.24501471
0.0,0,0.11425092
1.0,1,0.95744103
0.0,0,0.24936987
0.0,0,0.22088712
1.0,0,0.2743627
1.0,1,0.7270008
1.0,1,0.8349155
1.0,1,0.5966156
1.0,0,0.3919772
1.0,1,0.85806113
1.0,0,0.42746982
1.0,1,0.555928
1.0,1,0.74391586
1.0,1,0.5234907
0.0,0,0.20550358
1.0,1,0.72327995
0.0,1,0.53822243
1.0,1,0.75731933
0.0,0,0.49415913
1.0,0,0.49523368
1.0,1,0.77925366
0.0,1,0.5820636
1.0,1,0.73182845
1.0,1,0.62991154
0.0,1,0.7907199
0.0,1,0.7372753
1.0,1,0.8342321
0.0,0,0.4407262
0.0,0,0.4543828
1.0,1,0.87176687
1.0,1,0.9192707
1.0,0,0.33823067
1.0,1,0.83165866
1.0,1,0.81113005
1.0,1,0.53607845
1.0,0,0.49244595
1.0,0,0.27956444
1.0,1,0.76780367
0.0,0,0.32097188
1.0,0,0.41057846
0.0,0,0.23053485
1.0,1,0.88254476
0.0,0,0.24417509
0.0,1,0.729568
1.0,1,0.65978944
0.0,1,0.7945312
1.0,0,0.21457651
1.0,1,0.8001004
1.0,0,0.4725411
1.0,1,0.65101147
0.0,0,0.36265856
1.0,1,0.84059536
1.0,1,0.7025248
0.0,1,0.7060715
0.0,1,0.60815746
1.0,1,0.8349425
0.0,0,0.23990312
1.0,0,0.3621924
0.0,0,0.40819475
1.0,1,0.83899873
0.0,0,0.47772744
1.0,1,0.59402037
1.0,1,0.9034627
1.0,1,0.6897231
0.0,0,0.31218874
1.0,1,0.7522693
0.0,0,0.3576107
1.0,1,0.6625719
0.0,0,0.1270012
0.0,0,0.34740075
0.0,0,0.26383033
0.0,0,0.31887737
1.0,1,0.5287244
1.0,1,0.5036613
0.0,0,0.20862767
1.0,1,0.656707
1.0,1,0.6133367
1.0,1,0.6997616
1.0,0,0.39155716
1.0,1,0.8900772
0.0,1,0.68540955
0.0,0,0.22295319
0.0,0,0.15570283
1.0,0,0.2007313
1.0,1,0.75946164
1.0,1,0.62198085
0.0,0,0.29937
0.0,1,0.53696096
1.0,0,0.4916806
1.0,0,0.45047554
1.0,1,0.76163816
1.0,1,0.5982245
1.0,1,0.7806117
0.0,0,0.3667053
1.0,1,0.7202101
1.0,1,0.68333906
1.0,1,0.6529347
1.0,0,0.33872044
1.0,0,0.4719571
0.0,1,0.8096478
0.0,0,0.27056137
0.0,1,0.5309991
1.0,1,0.8119023
1.0,1,0.5816262
0.0,0,0.19124557
0.0,0,0.44229782
1.0,0,0.47487265
0.0,0,0.20280549
1.0,1,0.86598617
0.0,0,0.23861487
1.0,0,0.11175528
1.0,0,0.468245
0.0,1,0.76242995
1.0,1,0.7680293
0.0,0,0.23282246
0.0,0,0.20978382
1.0,0,0.1890549
1.0,1,0.68628687
1.0,1,0.8339068
1.0,0,0.45919117
0.0,0,0.16132718
0.0,0,0.34610292
1.0,1,0.9105978
0.0,0,0.30582386
0.0,0,0.3798402
1.0,1,0.8586882
1.0,1,0.8524188
1.0,1,0.80163604
0.0,0,0.2596245
1.0,1,0.7933234
1.0,1,0.79412174
1.0,0,0.28129673
0.0,0,0.19926989
1.0,1,0.6375908
1.0,1,0.84656763
0.0,0,0.38326085
1.0,1,0.90569055
1.0,0,0.24947752
1.0,1,0.6210248
0.0,0,0.2603368
0.0,0,0.17560843
0.0,1,0.64012617
1.0,1,0.88035965
0.0,0,0.20265253
0.0,1,0.65899324
1.0,1,0.8907413
0.0,0,0.17787094
0.0,0,0.4074324
1.0,1,0.7585959
1.0,1,0.61846757
1.0,1,0.86198974
0.0,0,0.17549992
0.0,1,0.51607275
1.0,1,0.76526874
0.0,0,0.2622327
0.0,0,0.16918305
0.0,1,0.71417546
0.0,0,0.27264637
0.0,0,0.22113805
1.0,0,0.47311088
1.0,1,0.9039533
1.0,0,0.15692596
1.0,1,0.84535956
1.0,1,0.78145665
0.0,1,0.6541075
0.0,1,0.6478385
0.0,0,0.27762172
1.0,1,0.6431834
1.0,1,0.74149644
0.0,0,0.14257014
0.0,0,0.42519784
0.0,1,0.87425864
1.0,1,0.5234253
0.0,0,0.17137913
0.0,0,0.18538521
1.0,0,0.14072905
1.0,1,0.53383034
1.0,0,0.35985628
0.0,0,0.19778316
1.0,1,0.78325903
1.0,0,0.40548238
1.0,1,0.94374406
0.0,1,0.7043852
0.0,1,0.83602685
1.0,1,0.7840429
0.0,1,0.65177643
0.0,0,0.3082163
0.0,0,0.2657132
0.0,0,0.3484456
0.0,1,0.53732526
1.0,1,0.59064424
1.0,1,0.9404113
1.0,1,0.73541874
0.0,0,0.41183478
0.0,0,0.27753237
1.0,1,0.5241724
0.0,0,0.19298895
0.0,0,0.25255767
1.0,0,0.2828902
1.0,1,0.71141845
1.0,1,0.7103268
1.0,1,0.8603223
1.0,0,0.26776597
1.0,1,0.92029536
0.0,0,0.20244764
0.0,0,0.3550085
0.0,0,0.251747
1.0,1,0.7203289
1.0,0,0.19736212
1.0,0,0.25775313
0.0,0,0.34291697
1.0,0,0.20307843
1.0,1,0.54845726
0.0,0,0.20447181
1.0,1,0.6803972
1.0,1,0.63601094
0.0,1,0.6392212
0.0,0,0.3471322
0.0,0,0.3181815
1.0,1,0.7468452
1.0,1,0.89851856
1.0,1,0.941404
1.0,1,0.7371938
0.0,1,0.6957093
0.0,0,0.45836583
1.0,1,0.8979209
1.0,1,0.76416993
1.0,1,0.8346724
1.0,1,0.6281772
0.0,0,0.27867407
1.0,1,0.94028974
0.0,1,0.5466072
0.0,0,0.2015602
1.0,1,0.94162333
1.0,0,0.4098925
1.0,1,0.7858496
1.0,1,0.85126424
1.0,1,0.8341142
1.0,0,0.33696592
1.0,1,0.86076397
1.0,1,0.7780175
0.0,0,0.12220991
1.0,1,0.8554297
1.0,1,0.6228873
0.0,1,0.55446553
1.0,0,0.31411168
1.0,1,0.5928199
1.0,1,0.5194249
0.0,0,0.23549989
1.0,0,0.4502196
0.0,0,0.22070566
0.0,0,0.4495495
0.0,0,0.34677318
0.0,1,0.54088956
0.0,0,0.14523447
0.0,0,0.23448427
1.0,1,0.5356293
0.0,0,0.23135
0.0,0,0.14559507
1.0,1,0.9650987
0.0,0,0.39073843
0.0,0,0.15566398
1.0,1,0.73998743
1.0,1,0.6558363
0.0,0,0.2870711
0.0,0,0.1122242
0.0,0,0.3205253
0.0,0,0.23951061
0.0,0,0.49845567
0.0,0,0.38136277
0.0,0,0.25910482
1.0,1,0.57596725
0.0,0,0.25079355
1.0,0,0.09000954
1.0,1,0.72079366
0.0,0,0.16425328
0.0,0,0.21659848
0.0,0,0.19171518
0.0,0,0.1701387
0.0,0,0.20922184
1.0,0,0.4991978
1.0,0,0.19507723
0.0,0,0.44353846
1.0,1,0.8427345
0.0,1,0.5299912
1.0,1,0.7131751
0.0,0,0.22146358
0.0,1,0.72363985
1.0,0,0.29010096
1.0,1,0.8669412
0.0,0,0.19126527
0.0,0,0.36167434
0.0,1,0.5501149
1.0,0,0.4288323
0.0,0,0.42812765
0.0,0,0.13837546
1.0,0,0.36533713
0.0,0,0.2595765
0.0,0,0.24708462
1.0,1,0.8046164
0.0,1,0.65989417
0.0,1,0.5057061
1.0,0,0.25102085
1.0,1,0.9691022
0.0,1,0.5832121
1.0,1,0.9040591
0.0,0,0.1742431
1.0,1,0.6059415
1.0,0,0.19852093
1.0,0,0.2088744
1.0,0,0.18260871
1.0,1,0.8962072
0.0,0,0.4877354
0.0,0,0.1786899
0.0,1,0.570843
1.0,1,0.73499554
1.0,0,0.08792201
1.0,0,0.4909235
0.0,0,0.17406464
1.0,1,0.547567
0.0,0,0.11434887
1.0,1,0.61686194
1.0,1,0.9069166
0.0,0,0.16008884
1.0,1,0.54934114
0.0,0,0.46554625
0.0,0,0.24600156
0.0,1,0.874041
0.0,0,0.1435845
1.0,1,0.91303325
1.0,0,0.41060123
0.0,0,0.19514188
0.0,1,0.59589916
1.0,1,0.76073533
1.0,1,0.7590602
1.0,1,0.8399856
1.0,0,0.32398766
0.0,0,0.19242263
1.0,1,0.554413
1.0,1,0.848993
1.0,0,0.32385996
0.0,0,0.22486134
1.0,1,0.91536766
1.0,1,0.90378004
1.0,0,0.3105214
0.0,1,0.5956619
0.0,0,0.4415921
0.0,0,0.19107278
0.0,0,0.2490525
0.0,0,0.19440448
1.0,0,0.3461412
1.0,0,0.34806007
1.0,0,0.17489825
1.0,1,0.7629545
1.0,1,0.89347535
0.0,0,0.4569572
0.0,0,0.3213569
1.0,1,0.63729036
1.0,0,0.34922057
1.0,0,0.44666785
1.0,1,0.76502365
0.0,0,0.36230278
0.0,0,0.082369424
1.0,1,0.6940575
1.0,1,0.5997293
0.0,0,0.33981255
0.0,0,0.1156679
0.0,0,0.31393775
0.0,0,0.47427487
0.0,0,0.13879193
0.0,0,0.26114607
1.0,1,0.9095099
1.0,1,0.6714227
0.0,1,0.9100308
1.0,0,0.16957162
1.0,1,0.660324
1.0,0,0.48350418
1.0,0,0.35447583
0.0,0,0.33811748
0.0,1,0.5179925
0.0,1,0.5139225
1.0,1,0.5745855
0.0,0,0.30372635
1.0,1,0.6332425
0.0,0,0.44305807
1.0,1,0.8834999
0.0,0,0.1714711
0.0,1,0.6332196
1.0,1,0.75749713
0.0,0,0.16859414
0.0,0,0.24575976
1.0,0,0.2346274
1.0,1,0.66930157
0.0,1,0.5775808
1.0,1,0.56987387
1.0,1,0.7021436
1.0,1,0.66424686
1.0,1,0.8904794
1.0,1,0.55772054
0.0,0,0.24230973
0.0,0,0.19622058
1.0,1,0.9498602
0.0,0,0.24326444
0.0,0,0.483567
1.0,0,0.45707476
1.0,1,0.6932477
0.0,0,0.40274167
1.0,1,0.94039065
0.0,0,0.3764857
0.0,1,0.6214841
0.0,0,0.4919801
1.0,1,0.71366113
1.0,1,0.8825436
1.0,1,0.85686296
1.0,1,0.7598005
0.0,0,0.2003234
0.0,0,0.2907647
1.0,1,0.7818422
1.0,0,0.392609
1.0,1,0.6149948
0.0,1,0.58807135
1.0,1,0.77210265
0.0,0,0.32733452
0.0,0,0.27800378
0.0,0,0.13656579
0.0,0,0.3010551
1.0,1,0.8619276
0.0,0,0.11339772
1.0,1,0.89549315
0.0,1,0.7456877
1.0,1,0.6273383
0.0,0,0.20257093
0.0,0,0.38004607
0.0,1,0.7014801
0.0,0,0.42636704
0.0,0,0.24685968
0.0,0,0.2631487
1.0,0,0.39750513
1.0,1,0.8877983
1.0,1,0.52463067
0.0,0,0.42571402
0.0,0,0.4104696
0.0,0,0.40547225
1.0,0,0.4043746
0.0,0,0.18705603
0.0,0,0.28694856
1.0,0,0.1978246
1.0,0,0.09889698
0.0,0,0.2942286
1.0,1,0.9159985
0.0,0,0.40751886
0.0,0,0.21465375
1.0,1,0.5639158
0.0,0,0.49395084
1.0,1,0.76530886
1.0,0,0.40152645
1.0,0,0.22980413
1.0,0,0.30930048
0.0,0,0.17554961
1.0,1,0.64836323
1.0,1,0.8480623
1.0,0,0.1750581
1.0,0,0.13718516
0.0,0,0.37925047
0.0,0,0.32177284
1.0,0,0.20027906
1.0,0,0.27859694
0.0,0,0.3702567
1.0,0,0.42610094
0.0,0,0.24775861
1.0,1,0.8592742
1.0,1,0.6231187
1.0,0,0.25961128
0.0,0,0.29739797
1.0,1,0.69431543
1.0,0,0.38161108
0.0,1,0.5193241
0.0,0,0.3920399
0.0,0,0.17599532
1.0,1,0.9250592
0.0,0,0.33755496
1.0,0,0.27889514
0.0,0,0.39429304
1.0,0,0.48320383
1.0,1,0.6284718
0.0,0,0.15770762
0.0,0,0.21991625
1.0,1,0.56349665
0.0,0,0.32645068
1.0,0,0.3333297
1.0,1,0.8039835
0.0,0,0.43219173
0.0,0,0.22287485
0.0,1,0.8411585
0.0,0,0.20323859
1.0,0,0.42845026
0.0,0,0.19476117
0.0,1,0.70901465
1.0,1,0.6737952
0.0,0,0.46395645
0.0,0,0.16801059
0.0,0,0.42694685
1.0,1,0.74292165
0.0,0,0.2197576
0.0,0,0.12957898
1.0,0,0.47127578
1.0,1,0.64761406
1.0,0,0.4465018
0.0,0,0.3012227
1.0,0,0.27098313
0.0,0,0.40919122
1.0,1,0.68992424
1.0,1,0.88877916
0.0,1,0.64298064
0.0,0,0.21030024
1.0,0,0.45132932
0.0,0,0.47835955
0.0,0,0.1577907
0.0,0,0.19228515
0.0,1,0.66146827
0.0,0,0.3689272
1.0,1,0.64845806
1.0,1,0.6627189
1.0,1,0.52494615
1.0,0,0.4729814
0.0,0,0.1178801
1.0,0,0.38635123
0.0,0,0.13360462
1.0,1,0.90158033
1.0,1,0.8713743
0.0,0,0.48133406
0.0,0,0.45314825
0.0,0,0.14129618
1.0,1,0.8209539
1.0,0,0.24342842
1.0,0,0.3899791
1.0,1,0.9083407
1.0,1,0.8668535
1.0,0,0.467548
0.0,1,0.5405089
1.0,1,0.6806535
0.0,1,0.60992014
1.0,1,0.79300916
0.0,0,0.13817066
0.0,0,0.3389398
1.0,1,0.90614045
1.0,0,0.29842353
1.0,1,0.60705185
0.0,0,0.2944084
0.0,0,0.10443865
1.0,0,0.33761972
1.0,0,0.49925777
0.0,1,0.7336148
0.0,0,0.12326313
1.0,1,0.6651815
1.0,0,0.2954484
0.0,0,0.43208194
1.0,1,0.6523017
0.0,0,0.14293872
1.0,1,0.85530794
1.0,1,0.784742
0.0,0,0.35815415
0.0,1,0.618454
0.0,0,0.2954644
1.0,1,0.70328665
0.0,0,0.47554046
0.0,0,0.31672156
0.0,0,0.2809621
1.0,1,0.8465245
0.0,0,0.10194914
0.0,0,0.17462133
0.0,1,0.5182888
0.0,0,0.29079902
1.0,0,0.35612312
0.0,0,0.115378425
1.0,0,0.46550295
0.0,0,0.18377876
1.0,1,0.71626675
0.0,0,0.20949255
0.0,0,0.3962903
1.0,0,0.46908376
1.0,0,0.4160698
0.0,0,0.1718233
1.0,0,0.30402288
1.0,0,0.35947323
1.0,0,0.24217297
1.0,1,0.845773
1.0,0,0.17333971
1.0,1,0.78504527
1.0,0,0.23013014
0.0,1,0.93396413
0.0,0,0.3351473
1.0,1,0.7882782
0.0,1,0.6454777
1.0,0,0.1664655
0.0,0,0.106932245
1.0,1,0.73184156
0.0,0,0.21304025
1.0,1,0.67784554
0.0,0,0.36376935
1.0,1,0.8193205
1.0,1,0.9007265
1.0,1,0.68111163
0.0,0,0.3680279
1.0,1,0.7504323
0.0,0,0.101467304
1.0,1,0.7224363
0.0,0,0.39515486
1.0,1,0.6224903
0.0,1,0.6715953
1.0,1,0.7801185
0.0,0,0.20074323
1.0,1,0.5293878
1.0,0,0.4127038
0.0,0,0.19318815
0.0,0,0.3054077
0.0,0,0.12463274
1.0,1,0.5478289
0.0,0,0.22892714
1.0,0,0.35163313
0.0,1,0.6622009
0.0,0,0.10326121
0.0,0,0.27844235
1.0,0,0.3890834
1.0,1,0.5022042
0.0,0,0.18306299
1.0,1,0.7921392
1.0,1,0.81641644
1.0,0,0.2641858
0.0,0,0.17539449
0.0,1,0.68337137
1.0,0,0.4530835
0.0,1,0.52694166
1.0,0,0.2542309
1.0,0,0.28937122
0.0,0,0.33334565
0.0,0,0.4278638
0.0,0,0.30553746
0.0,0,0.27898347
0.0,0,0.24123901
0.0,1,0.58994067
0.0,0,0.3842533
0.0,0,0.2900683
0.0,0,0.4071881
0.0,0,0.20621243
1.0,1,0.8709417
0.0,0,0.30482486
0.0,0,0.4396058
1.0,1,0.88551766
0.0,0,0.44660917
1.0,1,0.5180112
1.0,0,0.3070287
0.0,0,0.24320592
1.0,1,0.77165276
0.0,1,0.5996853
1.0,1,0.66161466
1.0,1,0.7681086
1.0,1,0.70489043
1.0,1,0.53083503
0.0,0,0.19761507
1.0,1,0.929426
1.0,0,0.47378772
0.0,0,0.25952077
1.0,0,0.25819218
0.0,1,0.52731776
0.0,0,0.19998209
0.0,0,0.22858559
1.0,0,0.1890988
0.0,0,0.29144618
0.0,0,0.34868407
0.0,0,0.19898611
0.0,0,0.28169528
1.0,0,0.49619845
0.0,0,0.4820317
1.0,1,0.9127808
0.0,1,0.75614554
1.0,1,0.5385776
0.0,0,0.42137387
1.0,1,0.7752762
1.0,1,0.7719114
0.0,0,0.48095036
1.0,1,0.88316166
0.0,1,0.5746658
0.0,0,0.40558228
0.0,0,0.49573275
1.0,0,0.37527952
0.0,0,0.15737668
1.0,1,0.86320865
1.0,1,0.74389553
0.0,0,0.28014055
1.0,1,0.9514379
0.0,0,0.11961402
1.0,1,0.86780506
1.0,1,0.52756953
0.0,0,0.07075432
1.0,1,0.9022095
0.0,1,0.78240585
0.0,0,0.20085847
0.0,1,0.7012797
1.0,1,0.85367376
0.0,0,0.24264713
0.0,1,0.9308013
0.0,1,0.79508024
0.0,0,0.1194675
1.0,0,0.3923398
1.0,0,0.2822903
0.0,0,0.13872129
0.0,1,0.56729114
1.0,1,0.76191854
0.0,0,0.38079387
0.0,1,0.5587367
0.0,0,0.44299594
1.0,1,0.92740744
1.0,1,0.6157426
0.0,0,0.1310933
1.0,1,0.7982573
1.0,1,0.7815392
1.0,1,0.8942931
1.0,0,0.38414112
0.0,0,0.28954923
1.0,1,0.7020575
0.0,1,0.7784328
1.0,1,0.92387646
0.0,0,0.26615757
0.0,0,0.3843829
1.0,1,0.77766514
1.0,0,0.391431
1.0,1,0.71364444
0.0,0,0.28534934
0.0,1,0.7591878
1.0,1,0.89262235
0.0,1,0.65738505
1.0,1,0.62932247
1.0,1,0.90332377
0.0,0,0.3602042
1.0,1,0.75534606
1.0,1,0.62889236
0.0,0,0.38207623
1.0,1,0.5708721
1.0,1,0.64247954
0.0,1,0.6135196
1.0,1,0.6501919
0.0,0,0.19612496
1.0,1,0.8182713
1.0,0,0.45772225
1.0,0,0.44106212
1.0,1,0.61492807
0.0,0,0.28562832
0.0,0,0.4760127
1.0,1,0.6572606
1.0,0,0.4585157
0.0,1,0.5724502
1.0,0,0.43761703
1.0,1,0.9194289
1.0,0,0.37771964
0.0,0,0.24072738
0.0,0,0.3222825
0.0,0,0.22157753
1.0,1,0.7500719
1.0,1,0.87100995
1.0,1,0.69433147
0.0,0,0.31966686
1.0,1,0.84495467
0.0,0,0.3849202
1.0,1,0.60899585
0.0,0,0.18075748
1.0,1,0.79966766
0.0,0,0.2888985
0.0,1,0.78071284
0.0,0,0.30334303
0.0,1,0.6441076
1.0,1,0.8814669
1.0,1,0.5435412
1.0,1,0.70104903
0.0,1,0.5556418
0.0,0,0.47941062
0.0,0,0.19273199
0.0,0,0.31034297
1.0,1,0.8935382
0.0,0,0.11007083
1.0,1,0.7225851
0.0,0,0.46730256
1.0,0,0.25807586
1.0,0,0.3539258
0.0,0,0.29435146
0.0,0,0.48024705
1.0,1,0.8519234
0.0,1,0.6898759
1.0,1,0.5030654
0.0,1,0.87664396
1.0,1,0.6906187
1.0,0,0.3851181
1.0,1,0.8642041
0.0,1,0.8206751
0.0,0,0.43891636
1.0,1,0.7998481
0.0,0,0.20823908
0.0,0,0.3711551
1.0,1,0.7008181
1.0,0,0.4209846
0.0,0,0.21949086
0.0,0,0.2629687
0.0,0,0.32525992
0.0,0,0.2230348
0.0,0,0.21532404
0.0,0,0.20527667
1.0,0,0.28948572
1.0,1,0.687681
0.0,1,0.56640387
1.0,1,0.8577306
1.0,0,0.38323864
1.0,1,0.6705461
1.0,1,0.51482326
0.0,0,0.30577293
1.0,1,0.76037794
0.0,0,0.20153366
1.0,1,0.6358693
1.0,0,0.15046242
0.0,0,0.34020537
1.0,1,0.6313882
1.0,0,0.4407881
1.0,1,0.5128023
0.0,0,0.4077568
1.0,1,0.5661868
1.0,1,0.50934124
0.0,0,0.32968494
0.0,0,0.19234455
1.0,0,0.3869285
1.0,0,0.26035333
1.0,0,0.49584138
0.0,1,0.56861323
0.0,0,0.093863584
1.0,1,0.78591204
1.0,1,0.8201862
1.0,1,0.511366
0.0,0,0.13342063
1.0,1,0.68376976
0.0,0,0.24516131
0.0,0,0.35903522
1.0,0,0.2991376
1.0,0,0.41329923
0.0,0,0.12833641
1.0,1,0.79534876
1.0,1,0.83733517
0.0,1,0.85498226
0.0,1,0.5233834
1.0,1,0.7639816
1.0,1,0.60458326
0.0,0,0.21464868
1.0,0,0.49121532
1.0,1,0.769418
1.0,1,0.7907537
1.0,1,0.7604728
1.0,1,0.745422
1.0,1,0.65714204
0.0,1,0.7364946
1.0,1,0.50979567
0.0,0,0.2645083
1.0,1,0.89458257
0.0,0,0.27401307
0.0,0,0.23617189
1.0,0,0.16879953
1.0,0,0.2725896
1.0,1,0.5417685
0.0,0,0.20432378
0.0,0,0.23574165
1.0,1,0.8496935
1.0,1,0.88032085
0.0,0,0.37452227
0.0,0,0.31647864
0.0,1,0.6405546
0.0,0,0.2036403
0.0,0,0.49539882
0.0,0,0.29102087
1.0,1,0.72651047
0.0,0,0.40623435
0.0,1,0.87115395
1.0,1,0.8275629
0.0,1,0.6518474
1.0,1,0.85850924
0.0,0,0.39777896
1.0,1,0.58910054
1.0,0,0.32213348
1.0,1,0.9052015
1.0,1,0.60708535
1.0,1,0.72709054
1.0,1,0.58433306
1.0,1,0.81681967
0.0,0,0.25883788
1.0,1,0.7538521
0.0,0,0.32240072
0.0,0,0.44505942
1.0,0,0.36349413
0.0,1,0.7708297
1.0,1,0.7794031
0.0,0,0.1076846
0.0,1,0.67859423
0.0,1,0.5672852
1.0,1,0.87279016
0.0,0,0.4196366
0.0,0,0.24474324
1.0,1,0.5650986
1.0,1,0.6823039
1.0,1,0.7194833
1.0,1,0.8257635
0.0,1,0.6619197
1.0,1,0.9326493
1.0,1,0.84256876
1.0,0,0.13508417
0.0,0,0.36487433
0.0,0,0.11948345
0.0,0,0.3113386
0.0,1,0.50193524
1.0,1,0.57992387
1.0,1,0.6865003
1.0,1,0.57306147
1.0,1,0.8099811
1.0,1,0.7757791
0.0,0,0.4396652
0.0,0,0.3955389
0.0,1,0.7103028
0.0,0,0.13179237
0.0,1,0.8123567
0.0,1,0.8480324
1.0,1,0.8972477
0.0,0,0.40574566
1.0,1,0.70282525
1.0,1,0.8441669
1.0,1,0.8089386
1.0,0,0.42426538
1.0,1,0.7814452
0.0,0,0.17589565
0.0,0,0.33305606
0.0,0,0.13434123
1.0,1,0.7898589
0.0,0,0.29650947
0.0,0,0.13686833
1.0,0,0.2189422
1.0,1,0.93746686
0.0,0,0.31703654
0.0,0,0.1422784
0.0,0,0.4109061
0.0,1,0.5854865
0.0,0,0.15074414
0.0,0,0.39987728
0.0,0,0.2043023
0.0,0,0.23742881
1.0,1,0.79068446
0.0,0,0.46672702
0.0,1,0.54101306
1.0,1,0.52011293
0.0,0,0.2576641
1.0,0,0.4977615
0.0,0,0.1655378
0.0,0,0.23776053
0.0,0,0.3701998
1.0,1,0.51567984
0.0,0,0.22322744
1.0,0,0.4066383
1.0,1,0.93096447
1.0,1,0.8270624
1.0,1,0.7527701
1.0,1,0.7028632
0.0,0,0.33350062
0.0,0,0.49943286
0.0,1,0.57176656
1.0,1,0.90667826
1.0,1,0.74132615
0.0,0,0.23952538
0.0,0,0.26373878
0.0,1,0.86213857
1.0,1,0.82553136
1.0,0,0.25061277
1.0,0,0.16006266
1.0,0,0.16817087
0.0,0,0.3691408
